Country Name,Country Code,Year,Female_employment_rate
Afghanistan,AFG,2000,13.644
Angola,AGO,2000,73.05
Albania,ALB,2000,40.674
United Arab Emirates,ARE,2000,32.672
Argentina,ARG,2000,42.177
Armenia,ARM,2000,48.0
Australia,AUS,2000,51.194
Austria,AUT,2000,47.117
Azerbaijan,AZE,2000,62.973
Burundi,BDI,2000,81.952
Belgium,BEL,2000,40.029
Benin,BEN,2000,63.144
Burkina Faso,BFA,2000,67.03
Bangladesh,BGD,2000,27.196
Bulgaria,BGR,2000,37.6
Bahrain,BHR,2000,33.767
Bosnia and Herzegovina,BIH,2000,20.685
Belarus,BLR,2000,48.153
Belize,BLZ,2000,31.751
Bolivia,BOL,2000,57.945
Brazil,BRA,2000,43.689
Barbados,BRB,2000,55.541
Botswana,BWA,2000,40.074
Central African Republic,CAF,2000,59.669
Canada,CAN,2000,55.423
Switzerland,CHE,2000,55.835
Chile,CHL,2000,33.015
China,CHN,2000,68.567
Cote d'Ivoire,CIV,2000,46.722
Cameroon,CMR,2000,72.702
Colombia,COL,2000,39.883
Comoros,COM,2000,30.51
Costa Rica,CRI,2000,35.835
Cuba,CUB,2000,33.135
Cyprus,CYP,2000,45.015
Czechia,CZE,2000,46.071
Germany,DEU,2000,44.841
Djibouti,DJI,2000,9.725
Denmark,DNK,2000,57.227
Dominican Republic,DOM,2000,35.234
Algeria,DZA,2000,8.669
Ecuador,ECU,2000,42.881
Spain,ESP,2000,32.29
Estonia,EST,2000,46.478
Ethiopia,ETH,2000,67.74
Finland,FIN,2000,49.415
Fiji,FJI,2000,35.401
France,FRA,2000,43.086
Gabon,GAB,2000,30.789
United Kingdom,GBR,2000,51.563
Georgia,GEO,2000,49.375
Ghana,GHA,2000,64.836
Guinea,GIN,2000,60.551
Equatorial Guinea,GNQ,2000,45.973
Greece,GRC,2000,33.644
Guatemala,GTM,2000,40.01
Guyana,GUY,2000,30.057
Honduras,HND,2000,41.661
Croatia,HRV,2000,36.651
Haiti,HTI,2000,51.325
Hungary,HUN,2000,39.039
Indonesia,IDN,2000,48.139
India,IND,2000,28.113
Ireland,IRL,2000,47.945
Iraq,IRQ,2000,8.934
Iceland,ISL,2000,71.873
Israel,ISR,2000,47.499
Italy,ITA,2000,30.394
Jamaica,JAM,2000,52.946
Jordan,JOR,2000,9.422
Japan,JPN,2000,47.011
Kazakhstan,KAZ,2000,56.067
Kenya,KEN,2000,68.107
Cambodia,KHM,2000,72.601
Kuwait,KWT,2000,43.42
Liberia,LBR,2000,70.259
Libya,LBY,2000,23.168
Sri Lanka,LKA,2000,32.158
Lesotho,LSO,2000,54.169
Lithuania,LTU,2000,47.509
Luxembourg,LUX,2000,40.043
Latvia,LVA,2000,42.494
Morocco,MAR,2000,21.89
Moldova,MDA,2000,51.566
Madagascar,MDG,2000,79.116
Maldives,MDV,2000,36.195
Mexico,MEX,2000,37.571
North Macedonia,MKD,2000,27.079
Mali,MLI,2000,59.633
Malta,MLT,2000,27.371
Myanmar,MMR,2000,61.475
Mongolia,MNG,2000,52.865
Mozambique,MOZ,2000,84.117
Mauritania,MRT,2000,24.738
Mauritius,MUS,2000,33.978
Malawi,MWI,2000,73.753
Malaysia,MYS,2000,42.52
Namibia,NAM,2000,37.004
Niger,NER,2000,68.173
Nicaragua,NIC,2000,32.986
Netherlands,NLD,2000,52.304
Norway,NOR,2000,59.26
Nepal,NPL,2000,19.218
New Zealand,NZL,2000,53.978
Oman,OMN,2000,21.683
Pakistan,PAK,2000,16.06
Panama,PAN,2000,40.422
Peru,PER,2000,50.899
Philippines,PHL,2000,45.258
Papua New Guinea,PNG,2000,69.87
Poland,POL,2000,40.798
Portugal,PRT,2000,50.208
Paraguay,PRY,2000,47.558
Qatar,QAT,2000,43.295
Romania,ROU,2000,54.493
Rwanda,RWA,2000,46.674
Saudi Arabia,SAU,2000,14.558
Sudan,SDN,2000,23.196
Senegal,SEN,2000,30.622
Singapore,SGP,2000,50.474
Solomon Islands,SLB,2000,80.856
Sierra Leone,SLE,2000,63.059
El Salvador,SLV,2000,43.645
Serbia,SRB,2000,39.891
Sao Tome and Principe,STP,2000,30.797
Slovenia,SVN,2000,47.803
Sweden,SWE,2000,55.199
Eswatini,SWZ,2000,33.122
Chad,TCD,2000,59.897
Togo,TGO,2000,52.944
Thailand,THA,2000,63.507
Tajikistan,TJK,2000,26.974
Tonga,TON,2000,41.874
Trinidad and Tobago,TTO,2000,40.153
Tunisia,TUN,2000,19.903
Tanzania,TZA,2000,81.737
Uganda,UGA,2000,60.832
Ukraine,UKR,2000,47.02
Uruguay,URY,2000,41.222
United States,USA,2000,56.445
Uzbekistan,UZB,2000,40.598
Samoa,WSM,2000,39.473
South Africa,ZAF,2000,40.049
Zambia,ZMB,2000,46.064
Zimbabwe,ZWE,2000,57.841
Afghanistan,AFG,2001,13.758
Angola,AGO,2001,73.098
Albania,ALB,2001,39.942
United Arab Emirates,ARE,2001,32.974
Argentina,ARG,2001,40.958
Armenia,ARM,2001,48.088
Australia,AUS,2001,51.487
Austria,AUT,2001,47.32
Azerbaijan,AZE,2001,62.119
Burundi,BDI,2001,81.479
Belgium,BEL,2001,38.965
Benin,BEN,2001,64.064
Burkina Faso,BFA,2001,65.689
Bangladesh,BGD,2001,27.22
Bulgaria,BGR,2001,37.693
Bahrain,BHR,2001,34.574
Bosnia and Herzegovina,BIH,2001,20.559
Belarus,BLR,2001,48.936
Belize,BLZ,2001,33.215
Bolivia,BOL,2001,57.957
Brazil,BRA,2001,44.689
Barbados,BRB,2001,56.265
Botswana,BWA,2001,38.239
Central African Republic,CAF,2001,59.535
Canada,CAN,2001,55.658
Switzerland,CHE,2001,56.748
Chile,CHL,2001,32.363
China,CHN,2001,67.604
Cote d'Ivoire,CIV,2001,46.947
Cameroon,CMR,2001,72.713
Colombia,COL,2001,43.006
Comoros,COM,2001,30.617
Costa Rica,CRI,2001,39.108
Cuba,CUB,2001,34.373
Cyprus,CYP,2001,48.35
Czechia,CZE,2001,46.181
Germany,DEU,2001,45.498
Djibouti,DJI,2001,9.781
Denmark,DNK,2001,56.808
Dominican Republic,DOM,2001,33.76
Algeria,DZA,2001,9.017
Ecuador,ECU,2001,44.47
Spain,ESP,2001,33.417
Estonia,EST,2001,45.115
Ethiopia,ETH,2001,68.626
Finland,FIN,2001,50.56
Fiji,FJI,2001,35.054
France,FRA,2001,43.734
Gabon,GAB,2001,30.66
United Kingdom,GBR,2001,51.864
Georgia,GEO,2001,52.031
Ghana,GHA,2001,65.128
Guinea,GIN,2001,60.524
Equatorial Guinea,GNQ,2001,45.889
Greece,GRC,2001,33.449
Guatemala,GTM,2001,40.081
Guyana,GUY,2001,29.649
Honduras,HND,2001,41.174
Croatia,HRV,2001,36.238
Haiti,HTI,2001,50.824
Hungary,HUN,2001,38.988
Indonesia,IDN,2001,46.235
India,IND,2001,27.961
Ireland,IRL,2001,48.475
Iraq,IRQ,2001,9.238
Iceland,ISL,2001,71.086
Israel,ISR,2001,47.271
Italy,ITA,2001,31.506
Jamaica,JAM,2001,52.16
Jordan,JOR,2001,9.053
Japan,JPN,2001,46.771
Kazakhstan,KAZ,2001,57.405
Kenya,KEN,2001,68.207
Cambodia,KHM,2001,71.68
Kuwait,KWT,2001,43.778
Liberia,LBR,2001,70.184
Libya,LBY,2001,23.488
Sri Lanka,LKA,2001,31.956
Lesotho,LSO,2001,53.596
Lithuania,LTU,2001,46.027
Luxembourg,LUX,2001,41.493
Latvia,LVA,2001,43.964
Morocco,MAR,2001,22.218
Moldova,MDA,2001,51.713
Madagascar,MDG,2001,79.545
Maldives,MDV,2001,35.746
Mexico,MEX,2001,36.956
North Macedonia,MKD,2001,28.258
Mali,MLI,2001,59.658
Malta,MLT,2001,26.552
Myanmar,MMR,2001,60.441
Mongolia,MNG,2001,52.819
Mozambique,MOZ,2001,83.617
Mauritania,MRT,2001,24.669
Mauritius,MUS,2001,31.882
Malawi,MWI,2001,73.648
Malaysia,MYS,2001,42.078
Namibia,NAM,2001,36.912
Niger,NER,2001,68.158
Nicaragua,NIC,2001,33.746
Netherlands,NLD,2001,53.752
Norway,NOR,2001,59.388
Nepal,NPL,2001,19.203
New Zealand,NZL,2001,55.132
Oman,OMN,2001,21.814
Pakistan,PAK,2001,16.109
Panama,PAN,2001,41.307
Peru,PER,2001,55.639
Philippines,PHL,2001,45.192
Papua New Guinea,PNG,2001,67.883
Poland,POL,2001,40.079
Portugal,PRT,2001,50.796
Paraguay,PRY,2001,48.14
Qatar,QAT,2001,43.927
Romania,ROU,2001,53.677
Rwanda,RWA,2001,46.75
Saudi Arabia,SAU,2001,14.489
Sudan,SDN,2001,23.138
Senegal,SEN,2001,30.681
Singapore,SGP,2001,50.635
Solomon Islands,SLB,2001,81.575
Sierra Leone,SLE,2001,63.058
El Salvador,SLV,2001,42.756
Serbia,SRB,2001,39.491
Sao Tome and Principe,STP,2001,27.756
Slovenia,SVN,2001,48.072
Sweden,SWE,2001,56.006
Eswatini,SWZ,2001,32.963
Chad,TCD,2001,59.268
Togo,TGO,2001,52.969
Thailand,THA,2001,63.559
Tajikistan,TJK,2001,27.081
Tonga,TON,2001,41.603
Trinidad and Tobago,TTO,2001,40.106
Tunisia,TUN,2001,20.016
Tanzania,TZA,2001,81.877
Uganda,UGA,2001,61.006
Ukraine,UKR,2001,47.285
Uruguay,URY,2001,41.104
United States,USA,2001,55.953
Uzbekistan,UZB,2001,41.212
Samoa,WSM,2001,39.088
South Africa,ZAF,2001,40.169
Zambia,ZMB,2001,45.698
Zimbabwe,ZWE,2001,57.921
Afghanistan,AFG,2002,13.884
Angola,AGO,2002,73.173
Albania,ALB,2002,40.0
United Arab Emirates,ARE,2002,33.379
Argentina,ARG,2002,38.342
Armenia,ARM,2002,48.114
Australia,AUS,2002,51.817
Austria,AUT,2002,48.275
Azerbaijan,AZE,2002,61.603
Burundi,BDI,2002,81.033
Belgium,BEL,2002,39.25
Benin,BEN,2002,65.014
Burkina Faso,BFA,2002,64.264
Bangladesh,BGD,2002,27.262
Bulgaria,BGR,2002,38.065
Bahrain,BHR,2002,35.391
Bosnia and Herzegovina,BIH,2002,20.524
Belarus,BLR,2002,49.582
Belize,BLZ,2002,33.889
Bolivia,BOL,2002,58.028
Brazil,BRA,2002,46.057
Barbados,BRB,2002,55.16
Botswana,BWA,2002,37.69
Central African Republic,CAF,2002,59.482
Canada,CAN,2002,56.575
Switzerland,CHE,2002,57.455
Chile,CHL,2002,32.162
China,CHN,2002,66.699
Cote d'Ivoire,CIV,2002,47.171
Cameroon,CMR,2002,73.158
Colombia,COL,2002,42.844
Comoros,COM,2002,30.766
Costa Rica,CRI,2002,38.786
Cuba,CUB,2002,34.972
Cyprus,CYP,2002,49.835
Czechia,CZE,2002,46.386
Germany,DEU,2002,45.342
Djibouti,DJI,2002,9.865
Denmark,DNK,2002,57.638
Dominican Republic,DOM,2002,35.683
Algeria,DZA,2002,9.227
Ecuador,ECU,2002,45.323
Eritrea,ERI,2002,66.926
Spain,ESP,2002,35.082
Estonia,EST,2002,46.611
Ethiopia,ETH,2002,69.449
Finland,FIN,2002,51.144
Fiji,FJI,2002,34.671
France,FRA,2002,44.265
Gabon,GAB,2002,30.478
United Kingdom,GBR,2002,52.267
Georgia,GEO,2002,49.87
Ghana,GHA,2002,65.41
Guinea,GIN,2002,60.521
Equatorial Guinea,GNQ,2002,45.889
Greece,GRC,2002,34.27
Guatemala,GTM,2002,40.328
Guyana,GUY,2002,29.209
Honduras,HND,2002,40.474
Croatia,HRV,2002,36.325
Haiti,HTI,2002,50.336
Hungary,HUN,2002,39.137
Indonesia,IDN,2002,44.218
India,IND,2002,27.828
Ireland,IRL,2002,49.386
Iraq,IRQ,2002,9.554
Iceland,ISL,2002,70.177
Israel,ISR,2002,46.495
Italy,ITA,2002,32.155
Jamaica,JAM,2002,51.779
Jordan,JOR,2002,9.351
Japan,JPN,2002,46.016
Kazakhstan,KAZ,2002,57.707
Kenya,KEN,2002,68.25
Cambodia,KHM,2002,70.744
Kuwait,KWT,2002,43.966
Liberia,LBR,2002,70.174
Libya,LBY,2002,23.834
Sri Lanka,LKA,2002,31.166
Lesotho,LSO,2002,52.97
Lithuania,LTU,2002,45.909
Luxembourg,LUX,2002,41.958
Latvia,LVA,2002,44.827
Morocco,MAR,2002,21.7
Moldova,MDA,2002,51.217
Madagascar,MDG,2002,79.024
Maldives,MDV,2002,35.27
Mexico,MEX,2002,36.868
North Macedonia,MKD,2002,28.142
Mali,MLI,2002,59.603
Malta,MLT,2002,27.601
Myanmar,MMR,2002,59.367
Mongolia,MNG,2002,52.709
Mozambique,MOZ,2002,83.058
Mauritania,MRT,2002,24.611
Mauritius,MUS,2002,33.265
Malawi,MWI,2002,73.678
Malaysia,MYS,2002,42.055
Namibia,NAM,2002,36.882
Niger,NER,2002,67.814
Nicaragua,NIC,2002,34.503
Netherlands,NLD,2002,54.308
Norway,NOR,2002,59.982
Nepal,NPL,2002,19.242
New Zealand,NZL,2002,55.769
Oman,OMN,2002,22.166
Pakistan,PAK,2002,16.154
Panama,PAN,2002,42.212
Peru,PER,2002,57.142
Philippines,PHL,2002,45.157
Papua New Guinea,PNG,2002,65.788
Poland,POL,2002,38.714
Portugal,PRT,2002,51.191
Paraguay,PRY,2002,45.608
Qatar,QAT,2002,44.233
Romania,ROU,2002,47.405
Rwanda,RWA,2002,46.883
Saudi Arabia,SAU,2002,14.259
Sudan,SDN,2002,23.076
Senegal,SEN,2002,30.706
Singapore,SGP,2002,48.735
Solomon Islands,SLB,2002,81.975
Sierra Leone,SLE,2002,63.148
El Salvador,SLV,2002,43.338
Serbia,SRB,2002,38.851
Sao Tome and Principe,STP,2002,27.6
Slovenia,SVN,2002,48.672
Sweden,SWE,2002,55.991
Eswatini,SWZ,2002,32.827
Chad,TCD,2002,58.627
Togo,TGO,2002,53.006
Thailand,THA,2002,64.115
Tajikistan,TJK,2002,27.184
Tonga,TON,2002,41.276
Trinidad and Tobago,TTO,2002,40.743
Tunisia,TUN,2002,19.961
Tanzania,TZA,2002,82.206
Uganda,UGA,2002,61.199
Ukraine,UKR,2002,47.687
Uruguay,URY,2002,39.221
United States,USA,2002,55.207
Uzbekistan,UZB,2002,41.816
Samoa,WSM,2002,38.908
South Africa,ZAF,2002,40.35
Zambia,ZMB,2002,45.301
Zimbabwe,ZWE,2002,57.967
Afghanistan,AFG,2003,14.057
Angola,AGO,2003,73.21
Albania,ALB,2003,39.924
United Arab Emirates,ARE,2003,33.878
Argentina,ARG,2003,40.026
Armenia,ARM,2003,48.172
Australia,AUS,2003,52.557
Austria,AUT,2003,48.578
Azerbaijan,AZE,2003,60.373
Burundi,BDI,2003,80.568
Belgium,BEL,2003,39.516
Benin,BEN,2003,65.416
Burkina Faso,BFA,2003,62.855
Bangladesh,BGD,2003,27.289
Bulgaria,BGR,2003,38.888
Bahrain,BHR,2003,36.197
Bosnia and Herzegovina,BIH,2003,20.521
Belarus,BLR,2003,50.118
Belize,BLZ,2003,34.17
Bolivia,BOL,2003,58.083
Brazil,BRA,2003,45.85
Barbados,BRB,2003,55.912
Botswana,BWA,2003,37.043
Central African Republic,CAF,2003,59.427
Canada,CAN,2003,57.467
Switzerland,CHE,2003,56.778
Chile,CHL,2003,33.271
China,CHN,2003,65.851
Cote d'Ivoire,CIV,2003,47.381
Cameroon,CMR,2003,73.614
Colombia,COL,2003,44.515
Comoros,COM,2003,30.902
Costa Rica,CRI,2003,39.142
Cuba,CUB,2003,35.874
Cyprus,CYP,2003,50.983
Czechia,CZE,2003,45.919
Germany,DEU,2003,45.159
Djibouti,DJI,2003,9.961
Denmark,DNK,2003,56.288
Dominican Republic,DOM,2003,34.978
Algeria,DZA,2003,9.548
Ecuador,ECU,2003,46.109
Eritrea,ERI,2003,67.06
Spain,ESP,2003,36.491
Estonia,EST,2003,46.859
Ethiopia,ETH,2003,70.289
Finland,FIN,2003,50.991
Fiji,FJI,2003,34.239
France,FRA,2003,45.719
Gabon,GAB,2003,30.343
United Kingdom,GBR,2003,52.342
Georgia,GEO,2003,50.977
Ghana,GHA,2003,65.681
Guinea,GIN,2003,59.329
Equatorial Guinea,GNQ,2003,45.877
Greece,GRC,2003,35.171
Guatemala,GTM,2003,40.428
Guyana,GUY,2003,29.719
Honduras,HND,2003,39.348
Croatia,HRV,2003,36.08
Haiti,HTI,2003,49.851
Hungary,HUN,2003,39.951
Indonesia,IDN,2003,43.806
India,IND,2003,27.673
Ireland,IRL,2003,49.71
Iraq,IRQ,2003,9.89
Iceland,ISL,2003,69.414
Israel,ISR,2003,46.686
Italy,ITA,2003,32.897
Jamaica,JAM,2003,51.422
Jordan,JOR,2003,8.663
Japan,JPN,2003,45.852
Kazakhstan,KAZ,2003,58.318
Kenya,KEN,2003,68.343
Cambodia,KHM,2003,69.831
Kuwait,KWT,2003,44.348
Liberia,LBR,2003,70.144
Libya,LBY,2003,24.221
Sri Lanka,LKA,2003,31.008
Lesotho,LSO,2003,52.46
Lithuania,LTU,2003,47.786
Luxembourg,LUX,2003,41.628
Latvia,LVA,2003,44.727
Morocco,MAR,2003,21.805
Moldova,MDA,2003,45.992
Madagascar,MDG,2003,78.937
Maldives,MDV,2003,34.791
Mexico,MEX,2003,37.258
North Macedonia,MKD,2003,27.7
Mali,MLI,2003,59.607
Malta,MLT,2003,26.733
Myanmar,MMR,2003,58.18
Montenegro,MNE,2003,28.05
Mongolia,MNG,2003,52.36
Mozambique,MOZ,2003,82.493
Mauritania,MRT,2003,24.564
Mauritius,MUS,2003,35.846
Malawi,MWI,2003,73.703
Malaysia,MYS,2003,42.09
Namibia,NAM,2003,36.79
Niger,NER,2003,67.47
Nigeria,NGA,2003,54.757
Nicaragua,NIC,2003,35.293
Netherlands,NLD,2003,54.365
Norway,NOR,2003,58.771
Nepal,NPL,2003,19.255
New Zealand,NZL,2003,56.269
Oman,OMN,2003,22.648
Pakistan,PAK,2003,16.91
Panama,PAN,2003,42.632
Peru,PER,2003,59.037
Philippines,PHL,2003,45.076
Papua New Guinea,PNG,2003,63.635
Poland,POL,2003,38.613
Portugal,PRT,2003,50.8
Paraguay,PRY,2003,47.221
Qatar,QAT,2003,44.87
Romania,ROU,2003,45.965
Rwanda,RWA,2003,46.92
Saudi Arabia,SAU,2003,14.712
Sudan,SDN,2003,23.022
Senegal,SEN,2003,30.311
Singapore,SGP,2003,49.229
Solomon Islands,SLB,2003,81.951
Sierra Leone,SLE,2003,63.162
El Salvador,SLV,2003,44.623
Serbia,SRB,2003,38.29
Sao Tome and Principe,STP,2003,27.625
Slovenia,SVN,2003,46.664
Sweden,SWE,2003,55.847
Eswatini,SWZ,2003,32.621
Chad,TCD,2003,57.986
Togo,TGO,2003,53.043
Thailand,THA,2003,64.238
Tajikistan,TJK,2003,27.295
Tonga,TON,2003,40.804
Trinidad and Tobago,TTO,2003,42.346
Tunisia,TUN,2003,19.84
Tanzania,TZA,2003,82.491
Uganda,UGA,2003,61.252
Ukraine,UKR,2003,48.172
Uruguay,URY,2003,39.088
United States,USA,2003,55.045
Uzbekistan,UZB,2003,42.328
Samoa,WSM,2003,38.77
South Africa,ZAF,2003,40.504
Zambia,ZMB,2003,44.93
Zimbabwe,ZWE,2003,58.023
Afghanistan,AFG,2004,14.225
Angola,AGO,2004,73.288
Albania,ALB,2004,39.755
United Arab Emirates,ARE,2004,34.416
Argentina,ARG,2004,42.051
Armenia,ARM,2004,48.331
Australia,AUS,2004,52.594
Austria,AUT,2004,47.061
Azerbaijan,AZE,2004,58.94
Burundi,BDI,2004,80.248
Belgium,BEL,2004,40.588
Benin,BEN,2004,65.825
Burkina Faso,BFA,2004,60.962
Bangladesh,BGD,2004,27.154
Bulgaria,BGR,2004,40.179
Bahrain,BHR,2004,36.895
Bosnia and Herzegovina,BIH,2004,20.397
Belarus,BLR,2004,50.576
Belize,BLZ,2004,34.363
Bolivia,BOL,2004,58.185
Brazil,BRA,2004,47.147
Barbados,BRB,2004,57.742
Botswana,BWA,2004,38.578
Central African Republic,CAF,2004,59.447
Canada,CAN,2004,57.742
Switzerland,CHE,2004,56.281
Chile,CHL,2004,34.136
China,CHN,2004,65.253
Cote d'Ivoire,CIV,2004,47.659
Cameroon,CMR,2004,74.078
Colombia,COL,2004,43.383
Comoros,COM,2004,31.005
Costa Rica,CRI,2004,37.455
Cuba,CUB,2004,36.962
Cyprus,CYP,2004,50.231
Czechia,CZE,2004,45.588
Germany,DEU,2004,44.49
Djibouti,DJI,2004,10.062
Denmark,DNK,2004,57.102
Dominican Republic,DOM,2004,34.979
Algeria,DZA,2004,10.606
Ecuador,ECU,2004,49.692
Eritrea,ERI,2004,67.207
Spain,ESP,2004,37.954
Estonia,EST,2004,48.515
Ethiopia,ETH,2004,71.233
Finland,FIN,2004,50.407
Fiji,FJI,2004,33.896
France,FRA,2004,45.18
Gabon,GAB,2004,30.165
United Kingdom,GBR,2004,52.636
Georgia,GEO,2004,50.246
Ghana,GHA,2004,65.932
Guinea,GIN,2004,58.173
Equatorial Guinea,GNQ,2004,45.929
Greece,GRC,2004,35.644
Guatemala,GTM,2004,40.653
Guyana,GUY,2004,30.277
Honduras,HND,2004,38.238
Croatia,HRV,2004,36.91
Haiti,HTI,2004,49.273
Hungary,HUN,2004,39.602
Indonesia,IDN,2004,42.836
India,IND,2004,27.549
Ireland,IRL,2004,49.999
Iraq,IRQ,2004,10.256
Iceland,ISL,2004,68.665
Israel,ISR,2004,47.134
Italy,ITA,2004,34.507
Jamaica,JAM,2004,51.42
Jordan,JOR,2004,8.587
Japan,JPN,2004,46.08
Kazakhstan,KAZ,2004,58.458
Kenya,KEN,2004,68.433
Cambodia,KHM,2004,68.896
Kuwait,KWT,2004,44.247
Liberia,LBR,2004,70.179
Libya,LBY,2004,24.501
Sri Lanka,LKA,2004,30.778
Lesotho,LSO,2004,51.822
Lithuania,LTU,2004,45.809
Luxembourg,LUX,2004,42.22
Latvia,LVA,2004,44.513
Morocco,MAR,2004,22.438
Moldova,MDA,2004,44.904
Madagascar,MDG,2004,80.055
Maldives,MDV,2004,34.341
Mexico,MEX,2004,38.016
North Macedonia,MKD,2004,27.027
Mali,MLI,2004,59.572
Malta,MLT,2004,25.096
Myanmar,MMR,2004,57.062
Montenegro,MNE,2004,27.754
Mongolia,MNG,2004,52.224
Mozambique,MOZ,2004,81.937
Mauritania,MRT,2004,24.482
Mauritius,MUS,2004,34.229
Malawi,MWI,2004,73.697
Malaysia,MYS,2004,42.014
Namibia,NAM,2004,36.815
Niger,NER,2004,67.131
Nigeria,NGA,2004,54.774
Nicaragua,NIC,2004,36.005
Netherlands,NLD,2004,54.092
Norway,NOR,2004,58.913
Nepal,NPL,2004,19.318
New Zealand,NZL,2004,57.081
Oman,OMN,2004,22.814
Pakistan,PAK,2004,17.688
Panama,PAN,2004,42.691
Peru,PER,2004,59.649
Philippines,PHL,2004,44.74
Papua New Guinea,PNG,2004,61.395
Poland,POL,2004,38.125
Portugal,PRT,2004,50.396
Paraguay,PRY,2004,52.126
Qatar,QAT,2004,44.583
Romania,ROU,2004,45.731
Rwanda,RWA,2004,47.09
Saudi Arabia,SAU,2004,15.144
Sudan,SDN,2004,22.969
Senegal,SEN,2004,29.853
Singapore,SGP,2004,49.685
Solomon Islands,SLB,2004,81.77
Sierra Leone,SLE,2004,64.404
El Salvador,SLV,2004,42.779
Serbia,SRB,2004,34.919
Sao Tome and Principe,STP,2004,28.306
Suriname,SUR,2004,30.78
Slovenia,SVN,2004,49.452
Sweden,SWE,2004,54.867
Eswatini,SWZ,2004,32.416
Chad,TCD,2004,57.349
Togo,TGO,2004,53.028
Thailand,THA,2004,64.371
Tajikistan,TJK,2004,27.663
Tonga,TON,2004,41.401
Trinidad and Tobago,TTO,2004,45.299
Tunisia,TUN,2004,19.806
Tanzania,TZA,2004,82.778
Uganda,UGA,2004,62.206
Ukraine,UKR,2004,48.348
Uruguay,URY,2004,40.977
United States,USA,2004,54.945
Uzbekistan,UZB,2004,42.383
Samoa,WSM,2004,38.636
South Africa,ZAF,2004,40.696
Zambia,ZMB,2004,44.525
Zimbabwe,ZWE,2004,58.119
Afghanistan,AFG,2005,14.361
Angola,AGO,2005,73.355
Albania,ALB,2005,39.392
United Arab Emirates,ARE,2005,34.806
Argentina,ARG,2005,42.417
Armenia,ARM,2005,48.45
Australia,AUS,2005,53.985
Austria,AUT,2005,48.291
Azerbaijan,AZE,2005,58.247
Burundi,BDI,2005,79.89
Belgium,BEL,2005,41.348
Benin,BEN,2005,66.228
Burkina Faso,BFA,2005,59.127
Bangladesh,BGD,2005,27.001
Bulgaria,BGR,2005,40.053
Bahrain,BHR,2005,37.58
Bosnia and Herzegovina,BIH,2005,20.361
Belarus,BLR,2005,51.187
Belize,BLZ,2005,34.553
Bolivia,BOL,2005,58.246
Brazil,BRA,2005,47.822
Barbados,BRB,2005,57.541
Botswana,BWA,2005,40.182
Central African Republic,CAF,2005,59.423
Canada,CAN,2005,57.672
Switzerland,CHE,2005,56.309
Chile,CHL,2005,35.228
China,CHN,2005,64.575
Cote d'Ivoire,CIV,2005,47.872
Cameroon,CMR,2005,74.481
Colombia,COL,2005,43.734
Comoros,COM,2005,30.828
Costa Rica,CRI,2005,40.379
Cuba,CUB,2005,38.091
Cyprus,CYP,2005,49.511
Czechia,CZE,2005,45.676
Germany,DEU,2005,45.578
Djibouti,DJI,2005,10.169
Denmark,DNK,2005,57.205
Dominican Republic,DOM,2005,35.677
Algeria,DZA,2005,10.869
Ecuador,ECU,2005,49.445
Eritrea,ERI,2005,67.174
Spain,ESP,2005,40.566
Estonia,EST,2005,49.832
Ethiopia,ETH,2005,72.071
Finland,FIN,2005,51.902
Fiji,FJI,2005,33.046
France,FRA,2005,45.775
Gabon,GAB,2005,30.014
United Kingdom,GBR,2005,53.022
Georgia,GEO,2005,48.914
Ghana,GHA,2005,66.167
Guinea,GIN,2005,57.008
Guinea-Bissau,GNB,2005,47.035
Equatorial Guinea,GNQ,2005,45.92
Greece,GRC,2005,35.864
Guatemala,GTM,2005,40.529
Guyana,GUY,2005,30.823
Honduras,HND,2005,38.658
Croatia,HRV,2005,36.667
Haiti,HTI,2005,48.809
Hungary,HUN,2005,39.795
Indonesia,IDN,2005,41.393
India,IND,2005,27.435
Ireland,IRL,2005,52.368
Iraq,IRQ,2005,10.608
Iceland,ISL,2005,69.18
Israel,ISR,2005,48.844
Italy,ITA,2005,34.251
Jamaica,JAM,2005,51.283
Jordan,JOR,2005,8.48
Japan,JPN,2005,46.29
Kazakhstan,KAZ,2005,58.457
Kenya,KEN,2005,68.513
Cambodia,KHM,2005,67.951
Kuwait,KWT,2005,44.613
Lebanon,LBN,2005,18.545
Liberia,LBR,2005,70.173
Libya,LBY,2005,24.805
Sri Lanka,LKA,2005,30.929
Lesotho,LSO,2005,51.263
Lithuania,LTU,2005,46.464
Luxembourg,LUX,2005,43.665
Latvia,LVA,2005,45.633
Morocco,MAR,2005,22.61
Moldova,MDA,2005,44.664
Madagascar,MDG,2005,81.226
Maldives,MDV,2005,33.928
Mexico,MEX,2005,39.58
North Macedonia,MKD,2005,26.887
Mali,MLI,2005,59.58
Malta,MLT,2005,26.962
Myanmar,MMR,2005,55.991
Montenegro,MNE,2005,27.504
Mongolia,MNG,2005,51.976
Mozambique,MOZ,2005,81.363
Mauritania,MRT,2005,24.424
Mauritius,MUS,2005,34.223
Malawi,MWI,2005,73.671
Malaysia,MYS,2005,42.023
Namibia,NAM,2005,37.146
Niger,NER,2005,66.862
Nigeria,NGA,2005,54.769
Nicaragua,NIC,2005,37.704
Netherlands,NLD,2005,51.802
Norway,NOR,2005,58.341
Nepal,NPL,2005,19.439
New Zealand,NZL,2005,58.267
Oman,OMN,2005,22.963
Pakistan,PAK,2005,18.255
Panama,PAN,2005,43.384
Peru,PER,2005,61.119
Philippines,PHL,2005,45.296
Papua New Guinea,PNG,2005,59.116
Poland,POL,2005,38.67
Portugal,PRT,2005,50.522
Paraguay,PRY,2005,52.19
Qatar,QAT,2005,45.249
Romania,ROU,2005,43.888
Rwanda,RWA,2005,47.208
Saudi Arabia,SAU,2005,15.543
Sudan,SDN,2005,22.933
Senegal,SEN,2005,29.387
Singapore,SGP,2005,50.48
Solomon Islands,SLB,2005,81.625
Sierra Leone,SLE,2005,63.403
El Salvador,SLV,2005,43.053
Serbia,SRB,2005,33.164
Sao Tome and Principe,STP,2005,27.744
Suriname,SUR,2005,31.407
Slovenia,SVN,2005,49.165
Sweden,SWE,2005,54.455
Eswatini,SWZ,2005,32.254
Chad,TCD,2005,56.692
Togo,TGO,2005,53.019
Thailand,THA,2005,65.49
Tajikistan,TJK,2005,27.305
Turkmenistan,TKM,2005,50.543
Tonga,TON,2005,42.253
Trinidad and Tobago,TTO,2005,46.752
Tunisia,TUN,2005,20.071
Tanzania,TZA,2005,83.029
Uganda,UGA,2005,63.157
Ukraine,UKR,2005,49.07
Uruguay,URY,2005,42.307
United States,USA,2005,55.23
Uzbekistan,UZB,2005,42.548
Vanuatu,VUT,2005,59.902
Samoa,WSM,2005,38.515
South Africa,ZAF,2005,40.858
Zambia,ZMB,2005,44.109
Zimbabwe,ZWE,2005,58.004
Afghanistan,AFG,2006,14.196
Angola,AGO,2006,73.377
Albania,ALB,2006,39.062
United Arab Emirates,ARE,2006,35.752
Argentina,ARG,2006,43.551
Armenia,ARM,2006,48.697
Australia,AUS,2006,54.681
Austria,AUT,2006,49.069
Azerbaijan,AZE,2006,57.136
Burundi,BDI,2006,79.637
Belgium,BEL,2006,41.549
Benin,BEN,2006,66.648
Burkina Faso,BFA,2006,57.932
Bangladesh,BGD,2006,27.261
Bulgaria,BGR,2006,42.049
Bahrain,BHR,2006,38.337
Bosnia and Herzegovina,BIH,2006,20.253
Belarus,BLR,2006,51.8
Belize,BLZ,2006,35.982
Bolivia,BOL,2006,61.346
Brazil,BRA,2006,48.234
Barbados,BRB,2006,56.625
Botswana,BWA,2006,41.828
Central African Republic,CAF,2006,59.399
Canada,CAN,2006,58.113
Switzerland,CHE,2006,56.946
Chile,CHL,2006,36.459
China,CHN,2006,63.96
Cote d'Ivoire,CIV,2006,48.113
Cameroon,CMR,2006,74.929
Colombia,COL,2006,43.226
Comoros,COM,2006,30.647
Costa Rica,CRI,2006,40.704
Cuba,CUB,2006,39.273
Cyprus,CYP,2006,51.139
Czechia,CZE,2006,46.067
Germany,DEU,2006,46.735
Djibouti,DJI,2006,10.35
Denmark,DNK,2006,58.165
Dominican Republic,DOM,2006,36.742
Algeria,DZA,2006,11.275
Ecuador,ECU,2006,50.37
Eritrea,ERI,2006,67.18
Spain,ESP,2006,42.13
Estonia,EST,2006,51.616
Ethiopia,ETH,2006,72.057
Finland,FIN,2006,52.455
Fiji,FJI,2006,34.743
France,FRA,2006,45.912
Gabon,GAB,2006,29.587
United Kingdom,GBR,2006,53.136
Georgia,GEO,2006,47.453
Ghana,GHA,2006,66.391
Guinea,GIN,2006,55.815
Guinea-Bissau,GNB,2006,47.077
Equatorial Guinea,GNQ,2006,46.009
Greece,GRC,2006,36.793
Guatemala,GTM,2006,40.436
Guyana,GUY,2006,31.407
Honduras,HND,2006,36.692
Croatia,HRV,2006,37.329
Haiti,HTI,2006,48.362
Hungary,HUN,2006,39.855
Indonesia,IDN,2006,41.681
India,IND,2006,27.212
Ireland,IRL,2006,53.026
Iraq,IRQ,2006,10.987
Iceland,ISL,2006,69.413
Israel,ISR,2006,49.497
Italy,ITA,2006,34.858
Jamaica,JAM,2006,51.151
Jordan,JOR,2006,8.721
Japan,JPN,2006,46.54
Kazakhstan,KAZ,2006,59.046
Kenya,KEN,2006,68.59
Cambodia,KHM,2006,66.933
Kuwait,KWT,2006,44.76
Lebanon,LBN,2006,18.707
Liberia,LBR,2006,70.158
Libya,LBY,2006,24.974
Sri Lanka,LKA,2006,31.417
Lesotho,LSO,2006,50.681
Lithuania,LTU,2006,47.411
Luxembourg,LUX,2006,43.992
Latvia,LVA,2006,48.717
Morocco,MAR,2006,23.315
Moldova,MDA,2006,40.522
Madagascar,MDG,2006,80.906
Maldives,MDV,2006,33.225
Mexico,MEX,2006,40.722
North Macedonia,MKD,2006,26.348
Mali,MLI,2006,59.529
Malta,MLT,2006,27.214
Myanmar,MMR,2006,55.009
Montenegro,MNE,2006,30.405
Mongolia,MNG,2006,51.804
Mozambique,MOZ,2006,80.803
Mauritania,MRT,2006,24.388
Mauritius,MUS,2006,34.774
Malawi,MWI,2006,72.344
Malaysia,MYS,2006,42.144
Namibia,NAM,2006,37.69
Niger,NER,2006,67.094
Nigeria,NGA,2006,54.731
Nicaragua,NIC,2006,38.863
Netherlands,NLD,2006,52.707
Norway,NOR,2006,59.004
Nepal,NPL,2006,19.763
New Zealand,NZL,2006,58.715
Oman,OMN,2006,23.166
Pakistan,PAK,2006,18.848
Panama,PAN,2006,41.98
Peru,PER,2006,64.292
Philippines,PHL,2006,45.369
Papua New Guinea,PNG,2006,56.752
Poland,POL,2006,39.719
Portugal,PRT,2006,50.593
Paraguay,PRY,2006,47.607
Qatar,QAT,2006,46.205
Romania,ROU,2006,44.946
Rwanda,RWA,2006,47.275
Saudi Arabia,SAU,2006,15.971
Sudan,SDN,2006,22.906
Senegal,SEN,2006,28.868
Singapore,SGP,2006,51.823
Solomon Islands,SLB,2006,81.518
Sierra Leone,SLE,2006,62.397
El Salvador,SLV,2006,44.151
Serbia,SRB,2006,33.612
Sao Tome and Principe,STP,2006,27.782
Suriname,SUR,2006,32.072
Slovenia,SVN,2006,49.424
Sweden,SWE,2006,54.969
Eswatini,SWZ,2006,32.062
Chad,TCD,2006,56.032
Togo,TGO,2006,53.028
Thailand,THA,2006,64.37
Tajikistan,TJK,2006,26.899
Turkmenistan,TKM,2006,50.183
Tonga,TON,2006,43.015
Trinidad and Tobago,TTO,2006,48.682
Tunisia,TUN,2006,20.746
Tanzania,TZA,2006,83.24
Uganda,UGA,2006,63.021
Ukraine,UKR,2006,49.142
Uruguay,URY,2006,44.338
United States,USA,2006,55.605
Uzbekistan,UZB,2006,42.586
Vanuatu,VUT,2006,59.595
Samoa,WSM,2006,38.438
South Africa,ZAF,2006,40.984
Zambia,ZMB,2006,45.245
Zimbabwe,ZWE,2006,57.915
Afghanistan,AFG,2007,14.019
Angola,AGO,2007,73.417
Albania,ALB,2007,38.439
United Arab Emirates,ARE,2007,36.525
Argentina,ARG,2007,43.766
Armenia,ARM,2007,49.061
Australia,AUS,2007,55.281
Austria,AUT,2007,50.047
Azerbaijan,AZE,2007,53.623
Burundi,BDI,2007,79.9
Belgium,BEL,2007,42.604
Benin,BEN,2007,67.067
Burkina Faso,BFA,2007,57.746
Bangladesh,BGD,2007,27.544
Bulgaria,BGR,2007,44.016
Bahrain,BHR,2007,39.189
Bosnia and Herzegovina,BIH,2007,20.844
Belarus,BLR,2007,52.495
Belize,BLZ,2007,37.366
Bolivia,BOL,2007,58.834
Brazil,BRA,2007,48.204
Barbados,BRB,2007,56.742
Botswana,BWA,2007,42.789
Central African Republic,CAF,2007,59.378
Canada,CAN,2007,58.972
Switzerland,CHE,2007,57.224
Chile,CHL,2007,37.659
China,CHN,2007,63.331
Cote d'Ivoire,CIV,2007,48.329
Cameroon,CMR,2007,75.375
Colombia,COL,2007,42.559
Comoros,COM,2007,30.458
Costa Rica,CRI,2007,42.475
Cuba,CUB,2007,40.097
Cyprus,CYP,2007,52.979
Czechia,CZE,2007,46.408
Germany,DEU,2007,47.84
Djibouti,DJI,2007,10.529
Denmark,DNK,2007,58.108
Dominican Republic,DOM,2007,36.984
Algeria,DZA,2007,10.903
Ecuador,ECU,2007,49.893
Eritrea,ERI,2007,67.148
Spain,ESP,2007,43.359
Estonia,EST,2007,51.998
Ethiopia,ETH,2007,72.052
Finland,FIN,2007,53.251
Fiji,FJI,2007,36.418
France,FRA,2007,46.775
Gabon,GAB,2007,29.301
United Kingdom,GBR,2007,52.924
Georgia,GEO,2007,48.055
Ghana,GHA,2007,65.698
Guinea,GIN,2007,54.676
Guinea-Bissau,GNB,2007,47.131
Equatorial Guinea,GNQ,2007,46.097
Greece,GRC,2007,37.021
Guatemala,GTM,2007,40.339
Guyana,GUY,2007,31.735
Honduras,HND,2007,36.123
Croatia,HRV,2007,40.026
Haiti,HTI,2007,47.971
Hungary,HUN,2007,39.598
Indonesia,IDN,2007,44.85
India,IND,2007,26.993
Ireland,IRL,2007,54.161
Iraq,IRQ,2007,11.374
Iceland,ISL,2007,69.99
Israel,ISR,2007,50.636
Italy,ITA,2007,34.981
Jamaica,JAM,2007,50.962
Jordan,JOR,2007,10.729
Japan,JPN,2007,46.599
Kazakhstan,KAZ,2007,60.191
Kenya,KEN,2007,68.666
Cambodia,KHM,2007,65.916
Kuwait,KWT,2007,44.695
Lebanon,LBN,2007,18.895
Liberia,LBR,2007,70.142
Libya,LBY,2007,25.093
Sri Lanka,LKA,2007,31.473
Lesotho,LSO,2007,50.072
Lithuania,LTU,2007,48.059
Luxembourg,LUX,2007,45.267
Latvia,LVA,2007,50.177
Morocco,MAR,2007,23.602
Moldova,MDA,2007,40.543
Madagascar,MDG,2007,80.57
Maldives,MDV,2007,32.607
Mexico,MEX,2007,41.032
North Macedonia,MKD,2007,27.555
Mali,MLI,2007,59.492
Malta,MLT,2007,29.043
Myanmar,MMR,2007,54.15
Montenegro,MNE,2007,33.438
Mongolia,MNG,2007,51.638
Mozambique,MOZ,2007,80.211
Mauritania,MRT,2007,24.219
Mauritius,MUS,2007,34.365
Malawi,MWI,2007,70.983
Malaysia,MYS,2007,42.149
Namibia,NAM,2007,38.144
Niger,NER,2007,67.332
Nigeria,NGA,2007,54.71
Nicaragua,NIC,2007,39.647
Netherlands,NLD,2007,54.429
Norway,NOR,2007,60.591
Nepal,NPL,2007,20.03
New Zealand,NZL,2007,59.229
Oman,OMN,2007,23.4
Pakistan,PAK,2007,19.222
Panama,PAN,2007,42.468
Peru,PER,2007,66.896
Philippines,PHL,2007,45.656
Papua New Guinea,PNG,2007,54.369
Poland,POL,2007,41.597
Portugal,PRT,2007,50.649
Paraguay,PRY,2007,50.443
Qatar,QAT,2007,48.165
Romania,ROU,2007,44.929
Rwanda,RWA,2007,47.307
Saudi Arabia,SAU,2007,15.763
Sudan,SDN,2007,22.878
Senegal,SEN,2007,28.923
Singapore,SGP,2007,52.947
Solomon Islands,SLB,2007,81.432
Sierra Leone,SLE,2007,61.392
El Salvador,SLV,2007,44.404
Serbia,SRB,2007,35.718
Sao Tome and Principe,STP,2007,28.059
Suriname,SUR,2007,32.722
Slovenia,SVN,2007,50.211
Sweden,SWE,2007,55.874
Eswatini,SWZ,2007,31.844
Chad,TCD,2007,55.383
Togo,TGO,2007,53.28
Thailand,THA,2007,65.237
Tajikistan,TJK,2007,26.431
Turkmenistan,TKM,2007,49.842
Tonga,TON,2007,42.848
Trinidad and Tobago,TTO,2007,47.839
Tunisia,TUN,2007,20.825
Tanzania,TZA,2007,83.012
Uganda,UGA,2007,62.83
Ukraine,UKR,2007,49.556
Uruguay,URY,2007,46.713
United States,USA,2007,55.608
Uzbekistan,UZB,2007,42.408
Vanuatu,VUT,2007,59.515
Samoa,WSM,2007,38.339
South Africa,ZAF,2007,41.081
Zambia,ZMB,2007,46.414
Zimbabwe,ZWE,2007,57.788
Afghanistan,AFG,2008,13.9
Angola,AGO,2008,73.448
Albania,ALB,2008,39.179
United Arab Emirates,ARE,2008,37.427
Argentina,ARG,2008,43.374
Armenia,ARM,2008,48.981
Australia,AUS,2008,55.864
Austria,AUT,2008,51.023
Azerbaijan,AZE,2008,53.528
Burundi,BDI,2008,80.202
Belgium,BEL,2008,43.346
Benin,BEN,2008,67.478
Burkina Faso,BFA,2008,57.328
Bangladesh,BGD,2008,27.853
Bulgaria,BGR,2008,45.55
Bahrain,BHR,2008,40.084
Bosnia and Herzegovina,BIH,2008,23.754
Belarus,BLR,2008,53.186
Belize,BLZ,2008,38.152
Bolivia,BOL,2008,59.896
Brazil,BRA,2008,48.551
Barbados,BRB,2008,56.641
Botswana,BWA,2008,43.736
Central African Republic,CAF,2008,59.379
Canada,CAN,2008,59.015
Switzerland,CHE,2008,58.852
Chile,CHL,2008,38.84
China,CHN,2008,62.514
Cote d'Ivoire,CIV,2008,48.588
Cameroon,CMR,2008,72.732
Colombia,COL,2008,42.917
Comoros,COM,2008,30.295
Costa Rica,CRI,2008,43.449
Cuba,CUB,2008,40.393
Cyprus,CYP,2008,53.26
Czechia,CZE,2008,46.559
Germany,DEU,2008,48.541
Djibouti,DJI,2008,10.716
Denmark,DNK,2008,57.466
Dominican Republic,DOM,2008,38.534
Algeria,DZA,2008,11.237
Ecuador,ECU,2008,49.396
Eritrea,ERI,2008,67.304
Spain,ESP,2008,43.523
Estonia,EST,2008,51.981
Ethiopia,ETH,2008,72.043
Finland,FIN,2008,53.534
Fiji,FJI,2008,38.176
France,FRA,2008,47.299
Gabon,GAB,2008,28.793
United Kingdom,GBR,2008,53.114
Georgia,GEO,2008,44.664
Ghana,GHA,2008,65.083
Guinea,GIN,2008,53.458
Guinea-Bissau,GNB,2008,47.183
Equatorial Guinea,GNQ,2008,46.173
Greece,GRC,2008,37.613
Guatemala,GTM,2008,40.207
Guyana,GUY,2008,32.015
Honduras,HND,2008,37.848
Croatia,HRV,2008,41.015
Haiti,HTI,2008,48.534
Hungary,HUN,2008,39.279
Indonesia,IDN,2008,46.249
India,IND,2008,26.799
Ireland,IRL,2008,53.589
Iraq,IRQ,2008,11.19
Iceland,ISL,2008,69.178
Israel,ISR,2008,51.773
Italy,ITA,2008,35.402
Jamaica,JAM,2008,50.749
Jordan,JOR,2008,10.568
Japan,JPN,2008,46.538
Kazakhstan,KAZ,2008,61.444
Kenya,KEN,2008,68.684
Cambodia,KHM,2008,65.1
Kuwait,KWT,2008,44.626
Lebanon,LBN,2008,19.408
Liberia,LBR,2008,70.12
Libya,LBY,2008,25.171
Sri Lanka,LKA,2008,31.586
Lesotho,LSO,2008,49.479
Lithuania,LTU,2008,47.706
Luxembourg,LUX,2008,45.193
Latvia,LVA,2008,51.127
Morocco,MAR,2008,23.734
Moldova,MDA,2008,40.176
Madagascar,MDG,2008,80.228
Maldives,MDV,2008,31.914
Mexico,MEX,2008,40.854
North Macedonia,MKD,2008,28.056
Mali,MLI,2008,59.471
Malta,MLT,2008,30.313
Myanmar,MMR,2008,53.446
Montenegro,MNE,2008,34.466
Mongolia,MNG,2008,51.185
Mozambique,MOZ,2008,79.616
Mauritania,MRT,2008,24.146
Mauritius,MUS,2008,35.863
Malawi,MWI,2008,69.509
Malaysia,MYS,2008,41.456
Namibia,NAM,2008,38.585
Niger,NER,2008,67.616
Nigeria,NGA,2008,54.697
Nicaragua,NIC,2008,39.643
Netherlands,NLD,2008,55.748
Norway,NOR,2008,61.763
Nepal,NPL,2008,20.233
New Zealand,NZL,2008,59.3
Oman,OMN,2008,23.72
Pakistan,PAK,2008,19.708
Panama,PAN,2008,43.378
Peru,PER,2008,67.048
Philippines,PHL,2008,45.001
Papua New Guinea,PNG,2008,51.891
Poland,POL,2008,43.027
Portugal,PRT,2008,50.942
Paraguay,PRY,2008,50.559
Qatar,QAT,2008,48.358
Romania,ROU,2008,44.654
Rwanda,RWA,2008,47.364
Saudi Arabia,SAU,2008,15.667
Sudan,SDN,2008,22.851
Senegal,SEN,2008,28.989
Singapore,SGP,2008,53.703
Solomon Islands,SLB,2008,81.309
Sierra Leone,SLE,2008,60.367
El Salvador,SLV,2008,44.391
Serbia,SRB,2008,37.536
Sao Tome and Principe,STP,2008,28.531
Suriname,SUR,2008,33.368
Slovenia,SVN,2008,50.994
Sweden,SWE,2008,55.932
Eswatini,SWZ,2008,32.196
Chad,TCD,2008,54.729
Togo,TGO,2008,53.571
Thailand,THA,2008,65.072
Tajikistan,TJK,2008,25.977
Turkmenistan,TKM,2008,49.334
Tonga,TON,2008,42.735
Trinidad and Tobago,TTO,2008,49.435
Tunisia,TUN,2008,20.857
Tanzania,TZA,2008,82.726
Uganda,UGA,2008,62.655
Ukraine,UKR,2008,49.24
Uruguay,URY,2008,48.53
United States,USA,2008,55.27
Uzbekistan,UZB,2008,41.801
Vanuatu,VUT,2008,59.373
Samoa,WSM,2008,38.243
South Africa,ZAF,2008,41.129
Zambia,ZMB,2008,47.616
Zimbabwe,ZWE,2008,57.596
Afghanistan,AFG,2009,13.816
Angola,AGO,2009,73.469
Albania,ALB,2009,38.646
United Arab Emirates,ARE,2009,38.485
Argentina,ARG,2009,43.971
Armenia,ARM,2009,49.928
Australia,AUS,2009,55.563
Austria,AUT,2009,51.293
Azerbaijan,AZE,2009,54.186
Burundi,BDI,2009,80.11
Belgium,BEL,2009,43.139
Benin,BEN,2009,67.883
Burkina Faso,BFA,2009,56.89
Bangladesh,BGD,2009,28.157
Bulgaria,BGR,2009,44.374
Bahrain,BHR,2009,41.039
Bosnia and Herzegovina,BIH,2009,24.435
Belarus,BLR,2009,53.987
Belize,BLZ,2009,38.665
Bolivia,BOL,2009,60.323
Brazil,BRA,2009,48.193
Barbados,BRB,2009,56.513
Botswana,BWA,2009,44.575
Central African Republic,CAF,2009,59.289
Canada,CAN,2009,58.052
Switzerland,CHE,2009,58.79
Chile,CHL,2009,38.654
China,CHN,2009,61.755
Cote d'Ivoire,CIV,2009,48.812
Cameroon,CMR,2009,69.952
Colombia,COL,2009,45.363
Comoros,COM,2009,30.115
Costa Rica,CRI,2009,41.866
Cuba,CUB,2009,41.532
Cyprus,CYP,2009,53.31
Czechia,CZE,2009,45.72
Germany,DEU,2009,49.079
Djibouti,DJI,2009,10.876
Denmark,DNK,2009,56.263
Dominican Republic,DOM,2009,35.653
Algeria,DZA,2009,11.316
Ecuador,ECU,2009,46.714
Eritrea,ERI,2009,67.2
Spain,ESP,2009,41.763
Estonia,EST,2009,49.079
Ethiopia,ETH,2009,72.029
Finland,FIN,2009,52.633
Fiji,FJI,2009,39.911
France,FRA,2009,46.917
Gabon,GAB,2009,28.415
United Kingdom,GBR,2009,52.543
Georgia,GEO,2009,44.213
Ghana,GHA,2009,64.358
Guinea,GIN,2009,52.211
Guinea-Bissau,GNB,2009,47.234
Equatorial Guinea,GNQ,2009,46.128
Greece,GRC,2009,37.73
Guatemala,GTM,2009,40.085
Guyana,GUY,2009,32.351
Honduras,HND,2009,39.093
Croatia,HRV,2009,41.716
Haiti,HTI,2009,49.19
Hungary,HUN,2009,38.548
Indonesia,IDN,2009,46.879
India,IND,2009,26.551
Ireland,IRL,2009,50.778
Iraq,IRQ,2009,10.993
Iceland,ISL,2009,66.348
Israel,ISR,2009,51.877
Italy,ITA,2009,34.722
Jamaica,JAM,2009,48.858
Jordan,JOR,2009,11.098
Japan,JPN,2009,46.154
Kazakhstan,KAZ,2009,61.63
Kenya,KEN,2009,68.785
Cambodia,KHM,2009,64.24
Kuwait,KWT,2009,45.166
Lebanon,LBN,2009,19.94
Liberia,LBR,2009,70.109
Libya,LBY,2009,25.237
Sri Lanka,LKA,2009,31.195
Lesotho,LSO,2009,48.746
Lithuania,LTU,2009,46.578
Luxembourg,LUX,2009,46.863
Latvia,LVA,2009,46.828
Morocco,MAR,2009,23.532
Moldova,MDA,2009,37.773
Madagascar,MDG,2009,79.745
Maldives,MDV,2009,31.332
Mexico,MEX,2009,40.749
North Macedonia,MKD,2009,28.649
Mali,MLI,2009,59.453
Malta,MLT,2009,30.438
Myanmar,MMR,2009,52.766
Montenegro,MNE,2009,33.649
Mongolia,MNG,2009,50.399
Mozambique,MOZ,2009,79.01
Mauritania,MRT,2009,24.072
Mauritius,MUS,2009,36.389
Malawi,MWI,2009,67.995
Malaysia,MYS,2009,41.97
Namibia,NAM,2009,39.032
Niger,NER,2009,67.863
Nigeria,NGA,2009,54.694
Nicaragua,NIC,2009,39.511
Netherlands,NLD,2009,55.912
Norway,NOR,2009,60.956
Nepal,NPL,2009,20.473
New Zealand,NZL,2009,58.065
Oman,OMN,2009,23.936
Pakistan,PAK,2009,20.866
Panama,PAN,2009,44.226
Peru,PER,2009,67.651
Philippines,PHL,2009,45.725
Papua New Guinea,PNG,2009,49.491
Poland,POL,2009,43.302
Portugal,PRT,2009,50.043
Paraguay,PRY,2009,51.473
Qatar,QAT,2009,48.149
Romania,ROU,2009,43.939
Rwanda,RWA,2009,47.352
Saudi Arabia,SAU,2009,15.04
Sudan,SDN,2009,21.886
Senegal,SEN,2009,29.034
Singapore,SGP,2009,53.323
Solomon Islands,SLB,2009,81.265
Sierra Leone,SLE,2009,59.337
El Salvador,SLV,2009,43.722
Serbia,SRB,2009,35.341
Sao Tome and Principe,STP,2009,28.801
Suriname,SUR,2009,34.01
Slovenia,SVN,2009,50.502
Sweden,SWE,2009,54.634
Eswatini,SWZ,2009,32.592
Chad,TCD,2009,54.073
Togo,TGO,2009,53.854
Thailand,THA,2009,63.727
Tajikistan,TJK,2009,25.93
Turkmenistan,TKM,2009,49.374
Tonga,TON,2009,42.483
Trinidad and Tobago,TTO,2009,48.038
Tunisia,TUN,2009,20.196
Tanzania,TZA,2009,82.42
Uganda,UGA,2009,62.448
Ukraine,UKR,2009,48.308
Uruguay,URY,2009,49.439
United States,USA,2009,53.484
Uzbekistan,UZB,2009,41.208
Vanuatu,VUT,2009,59.324
Samoa,WSM,2009,38.301
South Africa,ZAF,2009,40.204
Zambia,ZMB,2009,46.226
Zimbabwe,ZWE,2009,57.529
Afghanistan,AFG,2010,13.826
Angola,AGO,2010,67.378
Albania,ALB,2010,39.315
United Arab Emirates,ARE,2010,39.871
Argentina,ARG,2010,43.299
Armenia,ARM,2010,49.85
Australia,AUS,2010,55.444
Austria,AUT,2010,51.648
Azerbaijan,AZE,2010,55.654
Burundi,BDI,2010,80.043
Belgium,BEL,2010,43.651
Benin,BEN,2010,68.301
Burkina Faso,BFA,2010,56.545
Bangladesh,BGD,2010,29.427
Bulgaria,BGR,2010,43.2
Bahrain,BHR,2010,41.997
Bosnia and Herzegovina,BIH,2010,23.854
Belarus,BLR,2010,54.31
Belize,BLZ,2010,39.215
Bolivia,BOL,2010,60.263
Brazil,BRA,2010,47.796
Barbados,BRB,2010,56.302
Bhutan,BTN,2010,60.792
Botswana,BWA,2010,41.29
Central African Republic,CAF,2010,59.068
Canada,CAN,2010,57.887
Switzerland,CHE,2010,56.85
Chile,CHL,2010,40.992
China,CHN,2010,61.167
Cote d'Ivoire,CIV,2010,49.073
Cameroon,CMR,2010,67.039
Colombia,COL,2010,47.39
Comoros,COM,2010,29.947
Costa Rica,CRI,2010,39.896
Cuba,CUB,2010,40.727
Cyprus,CYP,2010,53.852
Czechia,CZE,2010,45.153
Germany,DEU,2010,49.603
Djibouti,DJI,2010,11.061
Denmark,DNK,2010,54.868
Dominican Republic,DOM,2010,38.545
Algeria,DZA,2010,11.365
Ecuador,ECU,2010,45.601
Eritrea,ERI,2010,66.907
Spain,ESP,2010,41.256
Estonia,EST,2010,47.305
Ethiopia,ETH,2010,72.043
Finland,FIN,2010,51.666
Fiji,FJI,2010,41.738
France,FRA,2010,46.791
Gabon,GAB,2010,28.066
United Kingdom,GBR,2010,52.206
Georgia,GEO,2010,46.0
Ghana,GHA,2010,63.722
Guinea,GIN,2010,51.056
Guinea-Bissau,GNB,2010,47.283
Equatorial Guinea,GNQ,2010,45.937
Greece,GRC,2010,36.881
Guatemala,GTM,2010,40.036
Guyana,GUY,2010,32.673
Honduras,HND,2010,40.256
Croatia,HRV,2010,40.465
Haiti,HTI,2010,49.601
Hungary,HUN,2010,38.914
Indonesia,IDN,2010,47.668
India,IND,2010,26.327
Ireland,IRL,2010,48.949
Iraq,IRQ,2010,10.801
Iceland,ISL,2010,65.858
Israel,ISR,2010,52.894
Italy,ITA,2010,34.52
Jamaica,JAM,2010,47.237
Jordan,JOR,2010,11.37
Japan,JPN,2010,46.148
Kazakhstan,KAZ,2010,62.179
Kenya,KEN,2010,68.899
Cambodia,KHM,2010,63.022
Kuwait,KWT,2010,45.952
Lebanon,LBN,2010,20.404
Liberia,LBR,2010,70.121
Libya,LBY,2010,25.333
Sri Lanka,LKA,2010,31.433
Lesotho,LSO,2010,48.233
Lithuania,LTU,2010,44.914
Luxembourg,LUX,2010,47.24
Latvia,LVA,2010,45.123
Morocco,MAR,2010,23.151
Moldova,MDA,2010,36.422
Madagascar,MDG,2010,79.416
Maldives,MDV,2010,32.171
Mexico,MEX,2010,40.678
North Macedonia,MKD,2010,28.537
Mali,MLI,2010,59.446
Malta,MLT,2010,31.317
Myanmar,MMR,2010,52.191
Montenegro,MNE,2010,33.48
Mongolia,MNG,2010,50.975
Mozambique,MOZ,2010,78.403
Mauritania,MRT,2010,24.013
Mauritius,MUS,2010,37.464
Malawi,MWI,2010,66.408
Malaysia,MYS,2010,41.952
Namibia,NAM,2010,39.598
Niger,NER,2010,68.152
Nigeria,NGA,2010,54.691
Nicaragua,NIC,2010,40.469
Netherlands,NLD,2010,55.462
Norway,NOR,2010,59.921
Nepal,NPL,2010,20.749
New Zealand,NZL,2010,57.331
Oman,OMN,2010,24.095
Pakistan,PAK,2010,21.856
Panama,PAN,2010,43.229
Peru,PER,2010,69.066
Philippines,PHL,2010,46.143
Papua New Guinea,PNG,2010,47.06
Poland,POL,2010,43.457
Portugal,PRT,2010,49.249
Paraguay,PRY,2010,49.849
Qatar,QAT,2010,49.355
Romania,ROU,2010,43.36
Rwanda,RWA,2010,47.404
Saudi Arabia,SAU,2010,15.836
Sudan,SDN,2010,20.82
Senegal,SEN,2010,29.108
Singapore,SGP,2010,55.336
Solomon Islands,SLB,2010,81.318
Sierra Leone,SLE,2010,58.31
El Salvador,SLV,2010,43.997
Serbia,SRB,2010,33.238
South Sudan,SSD,2010,60.442
Sao Tome and Principe,STP,2010,29.241
Suriname,SUR,2010,35.476
Slovenia,SVN,2010,49.522
Sweden,SWE,2010,53.932
Eswatini,SWZ,2010,33.003
Chad,TCD,2010,53.422
Togo,TGO,2010,54.145
Thailand,THA,2010,63.285
Tajikistan,TJK,2010,26.556
Turkmenistan,TKM,2010,48.911
Tonga,TON,2010,42.403
Trinidad and Tobago,TTO,2010,47.454
Tunisia,TUN,2010,20.185
Tanzania,TZA,2010,80.93
Uganda,UGA,2010,62.602
Ukraine,UKR,2010,48.296
Uruguay,URY,2010,49.752
United States,USA,2010,52.643
Uzbekistan,UZB,2010,40.673
Vanuatu,VUT,2010,59.391
Samoa,WSM,2010,38.379
South Africa,ZAF,2010,35.305
Zambia,ZMB,2010,44.821
Zimbabwe,ZWE,2010,57.38
Afghanistan,AFG,2011,14.134
Angola,AGO,2011,69.095
Albania,ALB,2011,45.255
United Arab Emirates,ARE,2011,41.377
Argentina,ARG,2011,43.862
Armenia,ARM,2011,49.787
Australia,AUS,2011,55.724
Austria,AUT,2011,52.013
Azerbaijan,AZE,2011,54.465
Burundi,BDI,2011,79.89
Belgium,BEL,2011,43.658
Benin,BEN,2011,67.583
Burkina Faso,BFA,2011,56.156
Bangladesh,BGD,2011,29.478
Bulgaria,BGR,2011,42.447
Bahrain,BHR,2011,40.932
Bosnia and Herzegovina,BIH,2011,23.843
Belarus,BLR,2011,54.721
Belize,BLZ,2011,39.743
Bolivia,BOL,2011,60.204
Brazil,BRA,2011,46.72
Barbados,BRB,2011,55.101
Bhutan,BTN,2011,59.328
Botswana,BWA,2011,41.764
Central African Republic,CAF,2011,59.045
Canada,CAN,2011,57.804
Switzerland,CHE,2011,57.626
Chile,CHL,2011,43.327
China,CHN,2011,61.156
Cote d'Ivoire,CIV,2011,49.21
Cameroon,CMR,2011,66.369
Colombia,COL,2011,48.722
Comoros,COM,2011,29.78
Costa Rica,CRI,2011,40.771
Cuba,CUB,2011,40.171
Cyprus,CYP,2011,52.802
Czechia,CZE,2011,45.565
Germany,DEU,2011,50.978
Djibouti,DJI,2011,11.175
Denmark,DNK,2011,54.124
Dominican Republic,DOM,2011,39.823
Algeria,DZA,2011,12.303
Ecuador,ECU,2011,45.025
Eritrea,ERI,2011,66.869
Spain,ESP,2011,40.94
Estonia,EST,2011,49.174
Ethiopia,ETH,2011,72.035
Finland,FIN,2011,51.826
Fiji,FJI,2011,43.513
France,FRA,2011,46.652
Gabon,GAB,2011,28.172
United Kingdom,GBR,2011,52.076
Georgia,GEO,2011,46.38
Ghana,GHA,2011,64.075
Guinea,GIN,2011,49.852
Guinea-Bissau,GNB,2011,47.306
Equatorial Guinea,GNQ,2011,46.037
Greece,GRC,2011,34.38
Guatemala,GTM,2011,38.681
Guyana,GUY,2011,33.011
Honduras,HND,2011,37.075
Croatia,HRV,2011,38.491
Haiti,HTI,2011,50.54
Hungary,HUN,2011,38.858
Indonesia,IDN,2011,48.1
India,IND,2011,25.588
Ireland,IRL,2011,48.096
Iraq,IRQ,2011,10.609
Iceland,ISL,2011,65.802
Israel,ISR,2011,53.148
Italy,ITA,2011,34.748
Jamaica,JAM,2011,47.296
Jordan,JOR,2011,11.415
Japan,JPN,2011,46.13
Kazakhstan,KAZ,2011,62.415
Kenya,KEN,2011,68.95
Cambodia,KHM,2011,62.139
Kuwait,KWT,2011,46.392
Lebanon,LBN,2011,20.854
Liberia,LBR,2011,70.224
Libya,LBY,2011,25.271
Sri Lanka,LKA,2011,31.588
Lesotho,LSO,2011,47.591
Lithuania,LTU,2011,45.899
Luxembourg,LUX,2011,47.118
Latvia,LVA,2011,45.728
Morocco,MAR,2011,22.574
Moldova,MDA,2011,37.113
Madagascar,MDG,2011,81.305
Maldives,MDV,2011,33.11
Mexico,MEX,2011,41.06
North Macedonia,MKD,2011,30.113
Mali,MLI,2011,59.392
Malta,MLT,2011,32.669
Myanmar,MMR,2011,51.877
Montenegro,MNE,2011,33.717
Mongolia,MNG,2011,52.474
Mozambique,MOZ,2011,77.792
Mauritania,MRT,2011,23.955
Mauritius,MUS,2011,37.194
Malawi,MWI,2011,64.763
Malaysia,MYS,2011,43.69
Namibia,NAM,2011,41.278
Niger,NER,2011,68.408
Nigeria,NGA,2011,54.656
Nicaragua,NIC,2011,41.95
Netherlands,NLD,2011,55.589
Norway,NOR,2011,59.795
Nepal,NPL,2011,21.061
New Zealand,NZL,2011,57.814
Oman,OMN,2011,24.277
Pakistan,PAK,2011,22.034
Panama,PAN,2011,43.098
Peru,PER,2011,68.534
Philippines,PHL,2011,46.921
Papua New Guinea,PNG,2011,47.031
Poland,POL,2011,43.405
Portugal,PRT,2011,47.491
Paraguay,PRY,2011,50.991
Qatar,QAT,2011,50.753
Romania,ROU,2011,43.134
Rwanda,RWA,2011,47.444
Saudi Arabia,SAU,2011,16.524
Sudan,SDN,2011,19.676
Senegal,SEN,2011,29.15
Singapore,SGP,2011,56.137
Solomon Islands,SLB,2011,81.32
Sierra Leone,SLE,2011,57.275
El Salvador,SLV,2011,43.897
Serbia,SRB,2011,31.663
South Sudan,SSD,2011,60.42
Sao Tome and Principe,STP,2011,29.556
Suriname,SUR,2011,36.177
Slovenia,SVN,2011,48.049
Sweden,SWE,2011,54.877
Eswatini,SWZ,2011,33.363
Chad,TCD,2011,52.753
Togo,TGO,2011,54.433
Thailand,THA,2011,65.468
Tajikistan,TJK,2011,27.206
Turkmenistan,TKM,2011,48.277
Tonga,TON,2011,42.328
Trinidad and Tobago,TTO,2011,46.489
Tunisia,TUN,2011,18.109
Tanzania,TZA,2011,79.43
Uganda,UGA,2011,62.823
Ukraine,UKR,2011,48.104
Uruguay,URY,2011,52.287
United States,USA,2011,52.226
Uzbekistan,UZB,2011,41.016
Vanuatu,VUT,2011,59.391
Samoa,WSM,2011,38.329
South Africa,ZAF,2011,38.256
Zambia,ZMB,2011,46.134
Zimbabwe,ZWE,2011,57.197
Afghanistan,AFG,2012,14.484
Angola,AGO,2012,68.752
Albania,ALB,2012,43.211
United Arab Emirates,ARE,2012,42.831
Argentina,ARG,2012,43.804
Armenia,ARM,2012,49.632
Australia,AUS,2012,55.623
Austria,AUT,2012,52.357
Azerbaijan,AZE,2012,55.553
Burundi,BDI,2012,79.763
Belgium,BEL,2012,43.61
Benin,BEN,2012,65.998
Burkina Faso,BFA,2012,55.801
Bangladesh,BGD,2012,29.534
Bulgaria,BGR,2012,42.66
Bahrain,BHR,2012,41.125
Bosnia and Herzegovina,BIH,2012,23.654
Belarus,BLR,2012,55.074
Belize,BLZ,2012,40.281
Bolivia,BOL,2012,56.016
Brazil,BRA,2012,47.557
Barbados,BRB,2012,53.586
Bhutan,BTN,2012,61.69
Botswana,BWA,2012,42.255
Central African Republic,CAF,2012,59.007
Canada,CAN,2012,57.887
Switzerland,CHE,2012,57.938
Chile,CHL,2012,43.892
China,CHN,2012,60.837
Cote d'Ivoire,CIV,2012,49.571
Cameroon,CMR,2012,65.694
Colombia,COL,2012,50.29
Comoros,COM,2012,29.607
Costa Rica,CRI,2012,45.695
Cuba,CUB,2012,40.345
Cyprus,CYP,2012,50.384
Czechia,CZE,2012,45.931
Germany,DEU,2012,51.224
Djibouti,DJI,2012,11.246
Denmark,DNK,2012,53.615
Dominican Republic,DOM,2012,40.856
Algeria,DZA,2012,13.017
Ecuador,ECU,2012,46.222
Eritrea,ERI,2012,66.846
Spain,ESP,2012,39.688
Estonia,EST,2012,50.341
Ethiopia,ETH,2012,72.023
Finland,FIN,2012,52.017
Fiji,FJI,2012,42.068
France,FRA,2012,46.724
Gabon,GAB,2012,28.246
United Kingdom,GBR,2012,52.247
Georgia,GEO,2012,46.75
Ghana,GHA,2012,64.301
Guinea,GIN,2012,48.642
Guinea-Bissau,GNB,2012,47.305
Equatorial Guinea,GNQ,2012,46.162
Greece,GRC,2012,31.646
Guatemala,GTM,2012,43.47
Guyana,GUY,2012,33.338
Honduras,HND,2012,36.25
Croatia,HRV,2012,37.421
Haiti,HTI,2012,50.724
Hungary,HUN,2012,39.821
Indonesia,IDN,2012,48.98
India,IND,2012,24.838
Ireland,IRL,2012,47.787
Iraq,IRQ,2012,10.424
Iceland,ISL,2012,66.847
Israel,ISR,2012,54.043
Italy,ITA,2012,35.025
Jamaica,JAM,2012,47.174
Jordan,JOR,2012,11.141
Japan,JPN,2012,46.116
Kazakhstan,KAZ,2012,62.178
Kenya,KEN,2012,69.022
Cambodia,KHM,2012,61.027
Kuwait,KWT,2012,46.764
Lebanon,LBN,2012,21.338
Liberia,LBR,2012,70.335
Libya,LBY,2012,25.429
Sri Lanka,LKA,2012,30.648
Lesotho,LSO,2012,46.985
Lithuania,LTU,2012,47.044
Luxembourg,LUX,2012,48.828
Latvia,LVA,2012,46.741
Morocco,MAR,2012,21.964
Moldova,MDA,2012,36.566
Madagascar,MDG,2012,83.177
Maldives,MDV,2012,34.112
Mexico,MEX,2012,42.154
North Macedonia,MKD,2012,29.877
Mali,MLI,2012,59.348
Malta,MLT,2012,35.445
Myanmar,MMR,2012,51.485
Montenegro,MNE,2012,34.691
Mongolia,MNG,2012,52.455
Mozambique,MOZ,2012,77.167
Mauritania,MRT,2012,23.896
Mauritius,MUS,2012,37.557
Malawi,MWI,2012,63.913
Malaysia,MYS,2012,45.085
Namibia,NAM,2012,43.0
Niger,NER,2012,64.323
Nigeria,NGA,2012,52.274
Nicaragua,NIC,2012,43.437
Netherlands,NLD,2012,55.605
Norway,NOR,2012,59.96
Nepal,NPL,2012,21.507
New Zealand,NZL,2012,57.496
Oman,OMN,2012,24.639
Pakistan,PAK,2012,22.006
Panama,PAN,2012,45.206
Peru,PER,2012,68.336
Philippines,PHL,2012,46.515
Papua New Guinea,PNG,2012,46.931
Poland,POL,2012,43.506
Portugal,PRT,2012,46.206
Paraguay,PRY,2012,56.623
Qatar,QAT,2012,51.508
Romania,ROU,2012,43.459
Rwanda,RWA,2012,47.504
Saudi Arabia,SAU,2012,16.554
Sudan,SDN,2012,19.6
Senegal,SEN,2012,29.832
Singapore,SGP,2012,56.943
Solomon Islands,SLB,2012,81.546
Sierra Leone,SLE,2012,56.255
El Salvador,SLV,2012,44.833
Serbia,SRB,2012,31.402
South Sudan,SSD,2012,60.361
Sao Tome and Principe,STP,2012,29.875
Suriname,SUR,2012,36.852
Slovenia,SVN,2012,47.327
Sweden,SWE,2012,55.117
Eswatini,SWZ,2012,33.806
Chad,TCD,2012,52.1
Togo,TGO,2012,54.456
Thailand,THA,2012,64.952
Tajikistan,TJK,2012,27.872
Turkmenistan,TKM,2012,47.888
Tonga,TON,2012,42.108
Trinidad and Tobago,TTO,2012,48.63
Tunisia,TUN,2012,19.229
Tanzania,TZA,2012,78.705
Uganda,UGA,2012,62.932
Ukraine,UKR,2012,47.941
Uruguay,URY,2012,51.843
United States,USA,2012,52.319
Uzbekistan,UZB,2012,40.636
Vanuatu,VUT,2012,59.474
Samoa,WSM,2012,36.994
South Africa,ZAF,2012,37.781
Zambia,ZMB,2012,47.542
Zimbabwe,ZWE,2012,57.337
Afghanistan,AFG,2013,15.339
Angola,AGO,2013,68.37
Albania,ALB,2013,37.823
United Arab Emirates,ARE,2013,44.301
Argentina,ARG,2013,43.596
Armenia,ARM,2013,49.654
Australia,AUS,2013,55.378
Austria,AUT,2013,52.358
Azerbaijan,AZE,2013,55.779
Burundi,BDI,2013,79.66
Belgium,BEL,2013,43.861
Benin,BEN,2013,64.36
Burkina Faso,BFA,2013,55.465
Bangladesh,BGD,2013,29.601
Bulgaria,BGR,2013,42.823
Bahrain,BHR,2013,41.323
Bosnia and Herzegovina,BIH,2013,24.135
Belarus,BLR,2013,55.316
Belize,BLZ,2013,40.804
Bolivia,BOL,2013,56.996
Brazil,BRA,2013,47.662
Barbados,BRB,2013,54.931
Bhutan,BTN,2013,56.067
Botswana,BWA,2013,42.834
Central African Republic,CAF,2013,58.992
Canada,CAN,2013,58.07
Switzerland,CHE,2013,58.126
Chile,CHL,2013,44.479
China,CHN,2013,60.542
Cote d'Ivoire,CIV,2013,51.095
Cameroon,CMR,2013,65.001
Colombia,COL,2013,50.721
Comoros,COM,2013,29.45
Costa Rica,CRI,2013,46.097
Cuba,CUB,2013,40.55
Cyprus,CYP,2013,48.176
Czechia,CZE,2013,46.698
Germany,DEU,2013,51.887
Djibouti,DJI,2013,11.319
Denmark,DNK,2013,53.179
Dominican Republic,DOM,2013,40.153
Algeria,DZA,2013,13.78
Ecuador,ECU,2013,46.344
Eritrea,ERI,2013,66.974
Spain,ESP,2013,38.784
Estonia,EST,2013,50.827
Ethiopia,ETH,2013,72.032
Finland,FIN,2013,51.334
Fiji,FJI,2013,40.698
France,FRA,2013,46.673
Gabon,GAB,2013,28.333
United Kingdom,GBR,2013,52.767
Georgia,GEO,2013,47.304
Ghana,GHA,2013,64.552
Guinea,GIN,2013,47.411
Guinea-Bissau,GNB,2013,47.342
Equatorial Guinea,GNQ,2013,46.316
Greece,GRC,2013,30.157
Guatemala,GTM,2013,38.27
Guyana,GUY,2013,33.676
Honduras,HND,2013,40.063
Croatia,HRV,2013,37.109
Haiti,HTI,2013,51.094
Hungary,HUN,2013,40.176
Indonesia,IDN,2013,48.505
India,IND,2013,23.789
Ireland,IRL,2013,48.408
Iraq,IRQ,2013,10.603
Iceland,ISL,2013,67.796
Israel,ISR,2013,54.576
Italy,ITA,2013,34.506
Jamaica,JAM,2013,47.287
Jordan,JOR,2013,10.092
Japan,JPN,2013,46.982
Kazakhstan,KAZ,2013,62.529
Kenya,KEN,2013,69.093
Cambodia,KHM,2013,62.251
Kuwait,KWT,2013,46.959
Lebanon,LBN,2013,21.824
Liberia,LBR,2013,70.462
Libya,LBY,2013,25.261
Sri Lanka,LKA,2013,32.709
Lesotho,LSO,2013,46.273
Lithuania,LTU,2013,47.389
Luxembourg,LUX,2013,49.154
Latvia,LVA,2013,47.999
Morocco,MAR,2013,22.383
Moldova,MDA,2013,36.994
Madagascar,MDG,2013,82.74
Maldives,MDV,2013,35.112
Mexico,MEX,2013,42.102
North Macedonia,MKD,2013,31.512
Mali,MLI,2013,59.343
Malta,MLT,2013,37.943
Myanmar,MMR,2013,51.067
Montenegro,MNE,2013,35.471
Mongolia,MNG,2013,51.419
Mozambique,MOZ,2013,76.532
Mauritania,MRT,2013,23.764
Mauritius,MUS,2013,39.497
Malawi,MWI,2013,63.099
Malaysia,MYS,2013,47.588
Namibia,NAM,2013,46.443
Niger,NER,2013,63.084
Nigeria,NGA,2013,49.877
Nicaragua,NIC,2013,44.426
Netherlands,NLD,2013,54.93
Norway,NOR,2013,59.597
Nepal,NPL,2013,22.074
New Zealand,NZL,2013,58.444
Oman,OMN,2013,25.049
Pakistan,PAK,2013,21.969
Panama,PAN,2013,46.524
Peru,PER,2013,67.492
Philippines,PHL,2013,46.362
Papua New Guinea,PNG,2013,46.844
Poland,POL,2013,43.415
Portugal,PRT,2013,45.275
Paraguay,PRY,2013,54.833
Qatar,QAT,2013,52.524
Romania,ROU,2013,43.125
Rwanda,RWA,2013,47.539
Saudi Arabia,SAU,2013,16.39
Sudan,SDN,2013,19.835
Senegal,SEN,2013,30.461
Singapore,SGP,2013,57.094
Solomon Islands,SLB,2013,81.699
Sierra Leone,SLE,2013,55.224
El Salvador,SLV,2013,45.744
Serbia,SRB,2013,32.716
South Sudan,SSD,2013,60.642
Sao Tome and Principe,STP,2013,29.884
Suriname,SUR,2013,38.169
Slovenia,SVN,2013,45.965
Sweden,SWE,2013,55.411
Eswatini,SWZ,2013,34.194
Chad,TCD,2013,51.436
Togo,TGO,2013,54.495
Thailand,THA,2013,61.941
Tajikistan,TJK,2013,28.551
Turkmenistan,TKM,2013,47.565
Tonga,TON,2013,41.94
Trinidad and Tobago,TTO,2013,48.955
Tunisia,TUN,2013,19.706
Tanzania,TZA,2013,78.048
Uganda,UGA,2013,64.429
Ukraine,UKR,2013,47.795
Uruguay,URY,2013,50.821
United States,USA,2013,52.379
Uzbekistan,UZB,2013,40.221
Vanuatu,VUT,2013,59.613
Samoa,WSM,2013,37.085
South Africa,ZAF,2013,38.125
Zambia,ZMB,2013,47.471
Zimbabwe,ZWE,2013,57.411
Afghanistan,AFG,2014,16.224
Angola,AGO,2014,68.016
Albania,ALB,2014,37.037
United Arab Emirates,ARE,2014,45.762
Argentina,ARG,2014,43.448
Armenia,ARM,2014,49.617
Australia,AUS,2014,55.016
Austria,AUT,2014,52.324
Azerbaijan,AZE,2014,56.641
Burundi,BDI,2014,79.544
Belgium,BEL,2014,44.261
Benin,BEN,2014,62.631
Burkina Faso,BFA,2014,55.146
Bangladesh,BGD,2014,30.017
Bulgaria,BGR,2014,43.572
Bahrain,BHR,2014,41.356
Bosnia and Herzegovina,BIH,2014,24.45
Belarus,BLR,2014,55.503
Belize,BLZ,2014,40.931
Bolivia,BOL,2014,59.41
Brazil,BRA,2014,47.943
Barbados,BRB,2014,52.799
Bhutan,BTN,2014,52.066
Botswana,BWA,2014,43.265
Central African Republic,CAF,2014,58.916
Canada,CAN,2014,57.615
Switzerland,CHE,2014,58.802
Chile,CHL,2014,45.111
China,CHN,2014,60.352
Cote d'Ivoire,CIV,2014,51.975
Cameroon,CMR,2014,64.302
Colombia,COL,2014,51.173
Comoros,COM,2014,29.267
Costa Rica,CRI,2014,45.786
Cuba,CUB,2014,40.7
Cyprus,CYP,2014,49.568
Czechia,CZE,2014,47.099
Germany,DEU,2014,52.223
Djibouti,DJI,2014,11.404
Denmark,DNK,2014,52.944
Dominican Republic,DOM,2014,40.786
Algeria,DZA,2014,12.477
Ecuador,ECU,2014,45.694
Eritrea,ERI,2014,66.603
Spain,ESP,2014,39.231
Estonia,EST,2014,50.827
Ethiopia,ETH,2014,71.941
Finland,FIN,2014,51.073
Fiji,FJI,2014,39.317
France,FRA,2014,46.469
Gabon,GAB,2014,28.384
United Kingdom,GBR,2014,53.696
Georgia,GEO,2014,49.045
Ghana,GHA,2014,62.652
Guinea,GIN,2014,46.192
Guinea-Bissau,GNB,2014,47.366
Equatorial Guinea,GNQ,2014,46.397
Greece,GRC,2014,30.947
Guatemala,GTM,2014,38.664
Guyana,GUY,2014,34.031
Honduras,HND,2014,41.616
Croatia,HRV,2014,37.937
Haiti,HTI,2014,51.39
Hungary,HUN,2014,42.403
Indonesia,IDN,2014,48.631
India,IND,2014,22.764
Ireland,IRL,2014,48.952
Iraq,IRQ,2014,10.746
Iceland,ISL,2014,68.742
Israel,ISR,2014,55.678
Italy,ITA,2014,34.604
Jamaica,JAM,2014,48.292
Jordan,JOR,2014,9.709
Japan,JPN,2014,47.548
Kazakhstan,KAZ,2014,62.583
Kenya,KEN,2014,69.18
Cambodia,KHM,2014,63.375
Kuwait,KWT,2014,46.781
Lebanon,LBN,2014,22.304
Liberia,LBR,2014,70.587
Libya,LBY,2014,25.204
Sri Lanka,LKA,2014,32.059
Lesotho,LSO,2014,46.336
Lithuania,LTU,2014,48.896
Luxembourg,LUX,2014,50.365
Latvia,LVA,2014,48.154
Morocco,MAR,2014,22.262
Moldova,MDA,2014,38.884
Madagascar,MDG,2014,82.286
Maldives,MDV,2014,36.211
Mexico,MEX,2014,41.237
North Macedonia,MKD,2014,31.211
Mali,MLI,2014,59.354
Malta,MLT,2014,39.937
Myanmar,MMR,2014,50.687
Montenegro,MNE,2014,37.863
Mongolia,MNG,2014,51.974
Mozambique,MOZ,2014,75.893
Mauritania,MRT,2014,23.615
Mauritius,MUS,2014,39.862
Malawi,MWI,2014,62.277
Malaysia,MYS,2014,48.659
Namibia,NAM,2014,45.553
Niger,NER,2014,61.835
Nigeria,NGA,2014,49.811
Nicaragua,NIC,2014,45.187
Netherlands,NLD,2014,53.931
Norway,NOR,2014,59.408
Nepal,NPL,2014,22.624
New Zealand,NZL,2014,59.504
Oman,OMN,2014,25.497
Pakistan,PAK,2014,22.485
Panama,PAN,2014,46.48
Peru,PER,2014,67.007
Philippines,PHL,2014,47.15
Papua New Guinea,PNG,2014,46.425
Poland,POL,2014,44.504
Portugal,PRT,2014,46.098
Paraguay,PRY,2014,50.705
Qatar,QAT,2014,54.188
Romania,ROU,2014,43.41
Rwanda,RWA,2014,47.614
Saudi Arabia,SAU,2014,16.372
Sudan,SDN,2014,19.964
Senegal,SEN,2014,31.143
Singapore,SGP,2014,58.449
Solomon Islands,SLB,2014,81.771
Sierra Leone,SLE,2014,54.14
El Salvador,SLV,2014,44.536
Serbia,SRB,2014,34.752
South Sudan,SSD,2014,60.639
Sao Tome and Principe,STP,2014,29.911
Suriname,SUR,2014,38.444
Slovenia,SVN,2014,46.711
Sweden,SWE,2014,55.669
Eswatini,SWZ,2014,34.556
Chad,TCD,2014,50.775
Togo,TGO,2014,54.55
Thailand,THA,2014,61.181
Tajikistan,TJK,2014,29.244
Turkmenistan,TKM,2014,47.27
Tonga,TON,2014,41.805
Trinidad and Tobago,TTO,2014,49.883
Tunisia,TUN,2014,20.276
Tanzania,TZA,2014,77.959
Uganda,UGA,2014,64.47
Ukraine,UKR,2014,46.853
Uruguay,URY,2014,52.18
United States,USA,2014,52.807
Uzbekistan,UZB,2014,39.735
Vanuatu,VUT,2014,59.629
Samoa,WSM,2014,37.09
South Africa,ZAF,2014,37.503
Zambia,ZMB,2014,47.429
Zimbabwe,ZWE,2014,57.543
Afghanistan,AFG,2015,16.893
Angola,AGO,2015,68.01
Albania,ALB,2015,38.946
United Arab Emirates,ARE,2015,47.222
Argentina,ARG,2015,43.405
Armenia,ARM,2015,49.592
Australia,AUS,2015,55.513
Austria,AUT,2015,52.416
Azerbaijan,AZE,2015,57.396
Burundi,BDI,2015,79.839
Belgium,BEL,2015,44.275
Benin,BEN,2015,60.817
Burkina Faso,BFA,2015,55.122
Bangladesh,BGD,2015,30.432
Bulgaria,BGR,2015,44.486
Bahrain,BHR,2015,41.384
Bosnia and Herzegovina,BIH,2015,24.567
Belarus,BLR,2015,55.721
Belize,BLZ,2015,43.197
Bolivia,BOL,2015,52.531
Brazil,BRA,2015,47.403
Barbados,BRB,2015,55.386
Bhutan,BTN,2015,53.268
Botswana,BWA,2015,43.661
Central African Republic,CAF,2015,58.818
Canada,CAN,2015,57.362
Switzerland,CHE,2015,59.218
Chile,CHL,2015,44.98
China,CHN,2015,60.145
Cote d'Ivoire,CIV,2015,52.864
Cameroon,CMR,2015,64.321
Colombia,COL,2015,51.767
Comoros,COM,2015,29.334
Costa Rica,CRI,2015,44.715
Cuba,CUB,2015,41.269
Cyprus,CYP,2015,49.013
Czechia,CZE,2015,48.129
Germany,DEU,2015,52.4
Djibouti,DJI,2015,11.491
Denmark,DNK,2015,53.032
Dominican Republic,DOM,2015,42.737
Algeria,DZA,2015,13.493
Ecuador,ECU,2015,49.544
Eritrea,ERI,2015,66.689
Spain,ESP,2015,40.203
Estonia,EST,2015,52.227
Ethiopia,ETH,2015,71.851
Finland,FIN,2015,50.676
Fiji,FJI,2015,37.776
France,FRA,2015,46.485
Gabon,GAB,2015,28.443
United Kingdom,GBR,2015,54.267
Georgia,GEO,2015,50.782
Ghana,GHA,2015,60.78
Guinea,GIN,2015,44.974
Guinea-Bissau,GNB,2015,47.413
Equatorial Guinea,GNQ,2015,46.422
Greece,GRC,2015,31.974
Guatemala,GTM,2015,37.114
Guyana,GUY,2015,34.39
Honduras,HND,2015,42.305
Croatia,HRV,2015,38.938
Haiti,HTI,2015,51.566
Hungary,HUN,2015,43.645
Indonesia,IDN,2015,48.487
India,IND,2015,21.767
Ireland,IRL,2015,49.964
Iraq,IRQ,2015,11.074
Iceland,ISL,2015,70.239
Israel,ISR,2015,55.912
Italy,ITA,2015,34.739
Jamaica,JAM,2015,52.012
Jordan,JOR,2015,10.477
Japan,JPN,2015,47.916
Kazakhstan,KAZ,2015,62.603
Kenya,KEN,2015,69.257
Cambodia,KHM,2015,64.735
Kuwait,KWT,2015,47.26
Lebanon,LBN,2015,22.823
Liberia,LBR,2015,70.444
Libya,LBY,2015,25.244
Sri Lanka,LKA,2015,32.743
Lesotho,LSO,2015,46.441
Lithuania,LTU,2015,49.976
Luxembourg,LUX,2015,50.561
Latvia,LVA,2015,49.434
Morocco,MAR,2015,21.858
Moldova,MDA,2015,39.772
Madagascar,MDG,2015,81.818
Maldives,MDV,2015,37.396
Mexico,MEX,2015,41.755
North Macedonia,MKD,2015,32.462
Mali,MLI,2015,60.41
Malta,MLT,2015,40.513
Myanmar,MMR,2015,50.348
Montenegro,MNE,2015,39.462
Mongolia,MNG,2015,51.597
Mozambique,MOZ,2015,75.238
Mauritania,MRT,2015,23.468
Mauritius,MUS,2015,40.936
Malawi,MWI,2015,61.421
Malaysia,MYS,2015,48.934
Namibia,NAM,2015,43.597
Niger,NER,2015,61.831
Nigeria,NGA,2015,49.733
Nicaragua,NIC,2015,45.689
Netherlands,NLD,2015,54.53
Norway,NOR,2015,58.902
Nepal,NPL,2015,23.145
New Zealand,NZL,2015,59.689
Oman,OMN,2015,25.999
Pakistan,PAK,2015,22.502
Panama,PAN,2015,47.349
Peru,PER,2015,65.459
Philippines,PHL,2015,46.964
Papua New Guinea,PNG,2015,46.212
Poland,POL,2015,45.299
Portugal,PRT,2015,46.889
Paraguay,PRY,2015,52.134
Qatar,QAT,2015,55.775
Romania,ROU,2015,42.646
Rwanda,RWA,2015,47.689
Saudi Arabia,SAU,2015,17.248
Sudan,SDN,2015,20.089
Senegal,SEN,2015,31.782
Singapore,SGP,2015,59.798
Solomon Islands,SLB,2015,81.855
Sierra Leone,SLE,2015,53.151
El Salvador,SLV,2015,43.442
Serbia,SRB,2015,35.192
South Sudan,SSD,2015,60.614
Sao Tome and Principe,STP,2015,29.897
Suriname,SUR,2015,39.36
Slovenia,SVN,2015,46.679
Sweden,SWE,2015,56.172
Eswatini,SWZ,2015,34.952
Chad,TCD,2015,50.111
Togo,TGO,2015,54.621
Thailand,THA,2015,60.73
Tajikistan,TJK,2015,29.946
Turkmenistan,TKM,2015,47.123
Tonga,TON,2015,41.641
Trinidad and Tobago,TTO,2015,48.091
Tunisia,TUN,2015,20.293
Tanzania,TZA,2015,77.952
Uganda,UGA,2015,64.497
Ukraine,UKR,2015,46.315
Uruguay,URY,2015,51.341
United States,USA,2015,53.102
Uzbekistan,UZB,2015,39.297
Vanuatu,VUT,2015,59.74
Samoa,WSM,2015,36.512
South Africa,ZAF,2015,38.326
Zambia,ZMB,2015,47.396
Zimbabwe,ZWE,2015,57.294
Afghanistan,AFG,2016,17.567
Angola,AGO,2016,68.003
Albania,ALB,2016,42.559
United Arab Emirates,ARE,2016,48.645
Argentina,ARG,2016,43.195
Armenia,ARM,2016,49.592
Australia,AUS,2016,55.899
Austria,AUT,2016,52.815
Azerbaijan,AZE,2016,58.378
Burundi,BDI,2016,80.066
Belgium,BEL,2016,44.159
Benin,BEN,2016,59.022
Burkina Faso,BFA,2016,55.12
Bangladesh,BGD,2016,30.848
Bulgaria,BGR,2016,44.346
Bahrain,BHR,2016,41.596
Bosnia and Herzegovina,BIH,2016,24.389
Belarus,BLR,2016,55.843
Belize,BLZ,2016,44.026
Bolivia,BOL,2016,54.646
Brazil,BRA,2016,45.56
Barbados,BRB,2016,56.557
Bhutan,BTN,2016,53.113
Botswana,BWA,2016,44.296
Central African Republic,CAF,2016,58.886
Canada,CAN,2016,57.451
Switzerland,CHE,2016,59.674
Chile,CHL,2016,44.697
China,CHN,2016,59.942
Cote d'Ivoire,CIV,2016,53.772
Cameroon,CMR,2016,64.332
Colombia,COL,2016,51.294
Comoros,COM,2016,29.413
Costa Rica,CRI,2016,39.295
Cuba,CUB,2016,41.31
Cyprus,CYP,2016,48.682
Czechia,CZE,2016,49.439
Germany,DEU,2016,53.564
Djibouti,DJI,2016,11.538
Denmark,DNK,2016,53.891
Dominican Republic,DOM,2016,43.415
Algeria,DZA,2016,13.744
Ecuador,ECU,2016,52.152
Eritrea,ERI,2016,66.574
Spain,ESP,2016,41.334
Estonia,EST,2016,52.829
Ethiopia,ETH,2016,71.749
Finland,FIN,2016,50.268
Fiji,FJI,2016,36.246
France,FRA,2016,46.452
Gabon,GAB,2016,28.378
United Kingdom,GBR,2016,54.803
Georgia,GEO,2016,50.647
Ghana,GHA,2016,61.822
Guinea,GIN,2016,43.812
Guinea-Bissau,GNB,2016,47.435
Equatorial Guinea,GNQ,2016,46.446
Greece,GRC,2016,32.488
Guatemala,GTM,2016,38.193
Guyana,GUY,2016,34.783
Honduras,HND,2016,41.696
Croatia,HRV,2016,39.147
Haiti,HTI,2016,51.703
Hungary,HUN,2016,45.201
Indonesia,IDN,2016,48.936
India,IND,2016,20.798
Ireland,IRL,2016,51.369
Iraq,IRQ,2016,11.424
Iceland,ISL,2016,71.102
Israel,ISR,2016,56.427
Italy,ITA,2016,35.29
Jamaica,JAM,2016,51.276
Jordan,JOR,2016,11.398
Japan,JPN,2016,48.821
Kazakhstan,KAZ,2016,62.503
Kenya,KEN,2016,69.33
Cambodia,KHM,2016,65.666
Kuwait,KWT,2016,46.583
Lebanon,LBN,2016,23.398
Liberia,LBR,2016,70.297
Libya,LBY,2016,25.305
Sri Lanka,LKA,2016,32.897
Lesotho,LSO,2016,46.481
Lithuania,LTU,2016,51.909
Luxembourg,LUX,2016,49.979
Latvia,LVA,2016,50.358
Morocco,MAR,2016,20.819
Moldova,MDA,2016,40.169
Madagascar,MDG,2016,81.725
Maldives,MDV,2016,38.59
Mexico,MEX,2016,42.016
North Macedonia,MKD,2016,32.51
Mali,MLI,2016,58.771
Malta,MLT,2016,42.231
Myanmar,MMR,2016,48.613
Montenegro,MNE,2016,39.519
Mongolia,MNG,2016,49.723
Mozambique,MOZ,2016,75.263
Mauritania,MRT,2016,23.3
Mauritius,MUS,2016,40.192
Malawi,MWI,2016,60.573
Malaysia,MYS,2016,48.816
Namibia,NAM,2016,41.637
Niger,NER,2016,61.826
Nigeria,NGA,2016,49.651
Nicaragua,NIC,2016,46.643
Netherlands,NLD,2016,54.86
Norway,NOR,2016,58.567
Nepal,NPL,2016,23.83
New Zealand,NZL,2016,61.095
Oman,OMN,2016,26.397
Pakistan,PAK,2016,21.91
Panama,PAN,2016,47.416
Peru,PER,2016,65.093
Philippines,PHL,2016,46.67
Papua New Guinea,PNG,2016,46.073
Poland,POL,2016,46.031
Portugal,PRT,2016,47.526
Paraguay,PRY,2016,52.693
Qatar,QAT,2016,56.525
Romania,ROU,2016,42.285
Rwanda,RWA,2016,47.745
Saudi Arabia,SAU,2016,18.244
Sudan,SDN,2016,20.237
Senegal,SEN,2016,37.126
Singapore,SGP,2016,59.49
Solomon Islands,SLB,2016,81.755
Sierra Leone,SLE,2016,52.254
El Salvador,SLV,2016,43.953
Serbia,SRB,2016,38.029
South Sudan,SSD,2016,60.65
Sao Tome and Principe,STP,2016,29.949
Suriname,SUR,2016,40.159
Slovenia,SVN,2016,47.532
Sweden,SWE,2016,56.711
Eswatini,SWZ,2016,35.402
Chad,TCD,2016,49.441
Togo,TGO,2016,54.404
Thailand,THA,2016,59.755
Tajikistan,TJK,2016,30.652
Turkmenistan,TKM,2016,46.982
Tonga,TON,2016,41.568
Trinidad and Tobago,TTO,2016,48.194
Tunisia,TUN,2016,20.387
Tanzania,TZA,2016,77.968
Uganda,UGA,2016,64.516
Ukraine,UKR,2016,46.24
Uruguay,URY,2016,51.05
United States,USA,2016,53.447
Uzbekistan,UZB,2016,38.995
Vanuatu,VUT,2016,59.672
Samoa,WSM,2016,35.862
South Africa,ZAF,2016,37.82
Zambia,ZMB,2016,47.388
Zimbabwe,ZWE,2016,57.048
Afghanistan,AFG,2017,18.251
Angola,AGO,2017,68.043
Albania,ALB,2017,43.402
United Arab Emirates,ARE,2017,48.774
Argentina,ARG,2017,43.159
Armenia,ARM,2017,49.389
Australia,AUS,2017,56.445
Austria,AUT,2017,53.077
Azerbaijan,AZE,2017,58.753
Burundi,BDI,2017,80.194
Belgium,BEL,2017,45.297
Benin,BEN,2017,57.188
Burkina Faso,BFA,2017,55.104
Bangladesh,BGD,2017,34.023
Bulgaria,BGR,2017,46.574
Bahrain,BHR,2017,41.928
Bosnia and Herzegovina,BIH,2017,27.225
Belarus,BLR,2017,55.78
Belize,BLZ,2017,44.18
Bolivia,BOL,2017,56.742
Brazil,BRA,2017,45.659
Barbados,BRB,2017,55.229
Bhutan,BTN,2017,52.904
Botswana,BWA,2017,44.759
Central African Republic,CAF,2017,58.984
Canada,CAN,2017,57.879
Switzerland,CHE,2017,59.424
Chile,CHL,2017,45.093
China,CHN,2017,59.653
Cote d'Ivoire,CIV,2017,53.33
Cameroon,CMR,2017,64.352
Colombia,COL,2017,50.999
Comoros,COM,2017,29.487
Costa Rica,CRI,2017,41.282
Cuba,CUB,2017,41.559
Cyprus,CYP,2017,50.255
Czechia,CZE,2017,50.416
Germany,DEU,2017,54.06
Djibouti,DJI,2017,11.611
Denmark,DNK,2017,54.133
Dominican Republic,DOM,2017,44.878
Algeria,DZA,2017,13.602
Ecuador,ECU,2017,53.389
Eritrea,ERI,2017,66.665
Spain,ESP,2017,42.252
Estonia,EST,2017,54.009
Ethiopia,ETH,2017,71.651
Finland,FIN,2017,50.558
Fiji,FJI,2017,36.316
France,FRA,2017,46.501
Gabon,GAB,2017,28.331
United Kingdom,GBR,2017,55.356
Georgia,GEO,2017,49.53
Ghana,GHA,2017,62.898
Guinea,GIN,2017,42.59
Guinea-Bissau,GNB,2017,47.466
Equatorial Guinea,GNQ,2017,46.518
Greece,GRC,2017,33.189
Guatemala,GTM,2017,37.333
Guyana,GUY,2017,35.148
Honduras,HND,2017,42.023
Croatia,HRV,2017,40.117
Haiti,HTI,2017,51.915
Hungary,HUN,2017,45.788
Indonesia,IDN,2017,50.092
India,IND,2017,19.863
Ireland,IRL,2017,52.155
Iraq,IRQ,2017,7.862
Iceland,ISL,2017,70.621
Israel,ISR,2017,56.675
Italy,ITA,2017,35.862
Jamaica,JAM,2017,53.103
Jordan,JOR,2017,12.045
Japan,JPN,2017,49.708
Kazakhstan,KAZ,2017,62.497
Kenya,KEN,2017,68.945
Cambodia,KHM,2017,67.302
Kuwait,KWT,2017,46.491
Lebanon,LBN,2017,23.971
Liberia,LBR,2017,70.361
Libya,LBY,2017,25.458
Sri Lanka,LKA,2017,33.871
Lesotho,LSO,2017,46.421
Lithuania,LTU,2017,52.618
Luxembourg,LUX,2017,51.956
Latvia,LVA,2017,50.913
Morocco,MAR,2017,20.438
Moldova,MDA,2017,39.109
Madagascar,MDG,2017,81.642
Maldives,MDV,2017,39.645
Mexico,MEX,2017,41.767
North Macedonia,MKD,2017,33.181
Mali,MLI,2017,57.044
Malta,MLT,2017,44.141
Myanmar,MMR,2017,46.805
Montenegro,MNE,2017,39.499
Mongolia,MNG,2017,50.823
Mozambique,MOZ,2017,75.318
Mauritania,MRT,2017,23.166
Mauritius,MUS,2017,40.611
Malawi,MWI,2017,59.729
Malaysia,MYS,2017,49.207
Namibia,NAM,2017,43.362
Niger,NER,2017,61.824
Nigeria,NGA,2017,49.603
Nicaragua,NIC,2017,47.395
Netherlands,NLD,2017,55.706
Norway,NOR,2017,58.131
Nepal,NPL,2017,24.281
New Zealand,NZL,2017,62.131
Oman,OMN,2017,27.34
Pakistan,PAK,2017,21.325
Panama,PAN,2017,46.995
Peru,PER,2017,66.74
Philippines,PHL,2017,43.678
Papua New Guinea,PNG,2017,46.002
Poland,POL,2017,46.781
Portugal,PRT,2017,49.005
Paraguay,PRY,2017,53.754
Qatar,QAT,2017,57.231
Romania,ROU,2017,44.092
Rwanda,RWA,2017,47.785
Saudi Arabia,SAU,2017,15.754
Sudan,SDN,2017,20.355
Senegal,SEN,2017,34.389
Singapore,SGP,2017,58.97
Solomon Islands,SLB,2017,81.637
Sierra Leone,SLE,2017,51.284
El Salvador,SLV,2017,43.233
Serbia,SRB,2017,39.575
South Sudan,SSD,2017,60.764
Sao Tome and Principe,STP,2017,30.014
Suriname,SUR,2017,40.292
Slovenia,SVN,2017,49.772
Sweden,SWE,2017,57.1
Eswatini,SWZ,2017,35.476
Chad,TCD,2017,48.78
Togo,TGO,2017,54.194
Thailand,THA,2017,58.897
Tajikistan,TJK,2017,30.18
Turkmenistan,TKM,2017,46.841
Tonga,TON,2017,41.369
Trinidad and Tobago,TTO,2017,47.503
Tunisia,TUN,2017,20.525
Tanzania,TZA,2017,77.977
Uganda,UGA,2017,64.516
Ukraine,UKR,2017,45.973
Uruguay,URY,2017,50.773
United States,USA,2017,53.975
Uzbekistan,UZB,2017,38.557
Vanuatu,VUT,2017,59.474
Samoa,WSM,2017,35.077
South Africa,ZAF,2017,38.86
Zambia,ZMB,2017,47.395
Zimbabwe,ZWE,2017,56.86
Afghanistan,AFG,2018,18.577
Angola,AGO,2018,68.067
Albania,ALB,2018,45.194
United Arab Emirates,ARE,2018,49.638
Argentina,ARG,2018,43.972
Armenia,ARM,2018,49.274
Australia,AUS,2018,57.262
Austria,AUT,2018,53.304
Azerbaijan,AZE,2018,59.33
Burundi,BDI,2018,80.256
Belgium,BEL,2018,46.776
Benin,BEN,2018,55.304
Burkina Faso,BFA,2018,55.095
Bangladesh,BGD,2018,34.255
Bulgaria,BGR,2018,46.929
Bahrain,BHR,2018,42.435
Bosnia and Herzegovina,BIH,2018,27.809
Belarus,BLR,2018,55.575
Belize,BLZ,2018,43.407
Bolivia,BOL,2018,61.288
Brazil,BRA,2018,46.171
Barbados,BRB,2018,54.43
Bhutan,BTN,2018,52.629
Botswana,BWA,2018,45.25
Central African Republic,CAF,2018,59.138
Canada,CAN,2018,57.928
Switzerland,CHE,2018,59.688
Chile,CHL,2018,45.366
China,CHN,2018,59.399
Cote d'Ivoire,CIV,2018,53.947
Cameroon,CMR,2018,64.392
Colombia,COL,2018,50.2
Comoros,COM,2018,29.566
Costa Rica,CRI,2018,42.95
Cuba,CUB,2018,41.549
Cyprus,CYP,2018,52.193
Czechia,CZE,2018,51.297
Germany,DEU,2018,54.336
Djibouti,DJI,2018,11.703
Denmark,DNK,2018,54.489
Dominican Republic,DOM,2018,45.54
Algeria,DZA,2018,13.474
Ecuador,ECU,2018,52.073
Eritrea,ERI,2018,66.601
Spain,ESP,2018,43.077
Estonia,EST,2018,54.261
Ethiopia,ETH,2018,71.554
Finland,FIN,2018,51.78
Fiji,FJI,2018,36.332
France,FRA,2018,46.769
Gabon,GAB,2018,28.322
United Kingdom,GBR,2018,55.747
Georgia,GEO,2018,49.391
Ghana,GHA,2018,62.922
Guinea,GIN,2018,41.344
Guinea-Bissau,GNB,2018,47.498
Equatorial Guinea,GNQ,2018,46.642
Greece,GRC,2018,33.722
Guatemala,GTM,2018,37.366
Guyana,GUY,2018,35.42
Honduras,HND,2018,46.687
Croatia,HRV,2018,41.226
Haiti,HTI,2018,52.042
Hungary,HUN,2018,46.382
Indonesia,IDN,2018,50.868
India,IND,2018,18.952
Ireland,IRL,2018,52.848
Iraq,IRQ,2018,8.14
Iceland,ISL,2018,69.767
Israel,ISR,2018,57.407
Italy,ITA,2018,36.259
Jamaica,JAM,2018,54.475
Jordan,JOR,2018,11.09
Japan,JPN,2018,51.236
Kazakhstan,KAZ,2018,62.473
Kenya,KEN,2018,68.591
Cambodia,KHM,2018,68.462
Kuwait,KWT,2018,46.112
Lebanon,LBN,2018,24.542
Liberia,LBR,2018,70.421
Libya,LBY,2018,25.466
Sri Lanka,LKA,2018,30.864
Lesotho,LSO,2018,46.509
Lithuania,LTU,2018,53.423
Luxembourg,LUX,2018,52.52
Latvia,LVA,2018,52.199
Morocco,MAR,2018,20.48
Moldova,MDA,2018,38.351
Madagascar,MDG,2018,81.571
Maldives,MDV,2018,40.157
Mexico,MEX,2018,42.415
North Macedonia,MKD,2018,34.221
Mali,MLI,2018,57.006
Malta,MLT,2018,46.981
Myanmar,MMR,2018,47.979
Montenegro,MNE,2018,40.916
Mongolia,MNG,2018,49.408
Mozambique,MOZ,2018,75.382
Mauritania,MRT,2018,23.19
Mauritius,MUS,2018,40.753
Malawi,MWI,2018,59.828
Malaysia,MYS,2018,49.705
Namibia,NAM,2018,45.117
Niger,NER,2018,61.83
Nigeria,NGA,2018,49.551
Nicaragua,NIC,2018,46.05
Netherlands,NLD,2018,56.759
Norway,NOR,2018,58.347
Nepal,NPL,2018,24.685
New Zealand,NZL,2018,62.824
Oman,OMN,2018,28.286
Pakistan,PAK,2018,20.732
Panama,PAN,2018,48.613
Peru,PER,2018,67.202
Philippines,PHL,2018,44.158
Papua New Guinea,PNG,2018,46.062
Poland,POL,2018,47.374
Portugal,PRT,2018,50.434
Paraguay,PRY,2018,54.95
Qatar,QAT,2018,58.112
Romania,ROU,2018,44.115
Rwanda,RWA,2018,41.421
Saudi Arabia,SAU,2018,17.379
Sudan,SDN,2018,20.495
Senegal,SEN,2018,35.536
Singapore,SGP,2018,59.199
Solomon Islands,SLB,2018,81.576
Sierra Leone,SLE,2018,50.303
El Salvador,SLV,2018,43.106
Serbia,SRB,2018,40.16
South Sudan,SSD,2018,60.857
Sao Tome and Principe,STP,2018,30.087
Suriname,SUR,2018,40.801
Slovenia,SVN,2018,50.661
Sweden,SWE,2018,57.418
Eswatini,SWZ,2018,35.525
Chad,TCD,2018,48.122
Togo,TGO,2018,54.293
Thailand,THA,2018,59.215
Tajikistan,TJK,2018,29.676
Turkmenistan,TKM,2018,46.718
Tonga,TON,2018,41.167
Trinidad and Tobago,TTO,2018,47.11
Tunisia,TUN,2018,20.477
Tanzania,TZA,2018,77.974
Uganda,UGA,2018,64.669
Ukraine,UKR,2018,45.855
Uruguay,URY,2018,50.335
United States,USA,2018,54.327
Uzbekistan,UZB,2018,38.277
Vanuatu,VUT,2018,59.41
Samoa,WSM,2018,35.151
South Africa,ZAF,2018,38.301
Zambia,ZMB,2018,49.526
Zimbabwe,ZWE,2018,56.689
Afghanistan,AFG,2019,18.898
Angola,AGO,2019,68.12
Albania,ALB,2019,46.834
United Arab Emirates,ARE,2019,53.395
Argentina,ARG,2019,44.662
Armenia,ARM,2019,51.519
Australia,AUS,2019,57.842
Austria,AUT,2019,53.551
Azerbaijan,AZE,2019,59.217
Burundi,BDI,2019,80.155
Belgium,BEL,2019,47.379
Benin,BEN,2019,55.353
Burkina Faso,BFA,2019,55.12
Bangladesh,BGD,2019,34.44
Bulgaria,BGR,2019,48.33
Bahrain,BHR,2019,42.739
Bosnia and Herzegovina,BIH,2019,30.018
Belarus,BLR,2019,55.98
Belize,BLZ,2019,42.431
Bolivia,BOL,2019,58.302
Brazil,BRA,2019,46.868
Barbados,BRB,2019,54.765
Bhutan,BTN,2019,53.0
Botswana,BWA,2019,45.728
Central African Republic,CAF,2019,59.192
Canada,CAN,2019,58.212
Switzerland,CHE,2019,60.007
Chile,CHL,2019,45.495
China,CHN,2019,59.012
Cote d'Ivoire,CIV,2019,54.57
Cameroon,CMR,2019,64.433
Colombia,COL,2019,48.778
Comoros,COM,2019,29.643
Costa Rica,CRI,2019,45.156
Cuba,CUB,2019,41.615
Cyprus,CYP,2019,52.696
Czechia,CZE,2019,51.335
Germany,DEU,2019,55.048
Djibouti,DJI,2019,11.769
Denmark,DNK,2019,54.932
Dominican Republic,DOM,2019,47.228
Algeria,DZA,2019,13.372
Ecuador,ECU,2019,51.892
Eritrea,ERI,2019,66.526
Spain,ESP,2019,43.805
Estonia,EST,2019,54.511
Ethiopia,ETH,2019,71.456
Finland,FIN,2019,52.327
Fiji,FJI,2019,36.292
France,FRA,2019,46.977
Gabon,GAB,2019,28.365
United Kingdom,GBR,2019,56.39
Georgia,GEO,2019,49.071
Ghana,GHA,2019,62.966
Guinea,GIN,2019,40.126
Guinea-Bissau,GNB,2019,47.549
Equatorial Guinea,GNQ,2019,46.665
Greece,GRC,2019,35.075
Guatemala,GTM,2019,36.063
Guyana,GUY,2019,33.252
Honduras,HND,2019,43.399
Croatia,HRV,2019,41.904
Haiti,HTI,2019,51.807
Hungary,HUN,2019,46.677
Indonesia,IDN,2019,52.105
India,IND,2019,22.283
Ireland,IRL,2019,53.612
Iraq,IRQ,2019,8.416
Iceland,ISL,2019,68.806
Israel,ISR,2019,57.21
Italy,ITA,2019,36.669
Jamaica,JAM,2019,56.261
Jordan,JOR,2019,10.369
Japan,JPN,2019,52.122
Kazakhstan,KAZ,2019,62.499
Kenya,KEN,2019,68.216
Cambodia,KHM,2019,69.601
Kuwait,KWT,2019,45.731
Lebanon,LBN,2019,25.102
Liberia,LBR,2019,70.482
Libya,LBY,2019,25.482
Sri Lanka,LKA,2019,31.629
Lesotho,LSO,2019,46.578
Lithuania,LTU,2019,54.092
Luxembourg,LUX,2019,52.752
Latvia,LVA,2019,52.64
Morocco,MAR,2019,20.525
Moldova,MDA,2019,36.5
Madagascar,MDG,2019,81.508
Maldives,MDV,2019,40.319
Mexico,MEX,2019,43.746
North Macedonia,MKD,2019,36.629
Mali,MLI,2019,57.052
Malta,MLT,2019,48.235
Myanmar,MMR,2019,46.082
Montenegro,MNE,2019,42.183
Mongolia,MNG,2019,53.017
Mozambique,MOZ,2019,75.446
Mauritania,MRT,2019,23.228
Mauritius,MUS,2019,41.406
Malawi,MWI,2019,59.942
Malaysia,MYS,2019,50.203
Namibia,NAM,2019,45.032
Niger,NER,2019,61.836
Nigeria,NGA,2019,49.498
Nicaragua,NIC,2019,45.524
Netherlands,NLD,2019,57.803
Norway,NOR,2019,58.547
Nepal,NPL,2019,24.97
New Zealand,NZL,2019,62.915
Oman,OMN,2019,28.381
Pakistan,PAK,2019,21.956
Panama,PAN,2019,49.978
Peru,PER,2019,67.476
Philippines,PHL,2019,45.228
Papua New Guinea,PNG,2019,45.942
Poland,POL,2019,47.216
Portugal,PRT,2019,50.868
Paraguay,PRY,2019,55.256
Qatar,QAT,2019,58.912
Romania,ROU,2019,44.099
Rwanda,RWA,2019,40.067
Saudi Arabia,SAU,2019,19.312
Sudan,SDN,2019,20.712
Senegal,SEN,2019,36.51
Singapore,SGP,2019,60.338
Solomon Islands,SLB,2019,81.632
Sierra Leone,SLE,2019,50.407
El Salvador,SLV,2019,43.817
Serbia,SRB,2019,41.751
South Sudan,SSD,2019,60.951
Sao Tome and Principe,STP,2019,30.17
Suriname,SUR,2019,40.814
Slovenia,SVN,2019,50.574
Sweden,SWE,2019,57.028
Eswatini,SWZ,2019,35.589
Chad,TCD,2019,48.188
Togo,TGO,2019,54.405
Thailand,THA,2019,58.584
Tajikistan,TJK,2019,29.204
Turkmenistan,TKM,2019,46.603
Tonga,TON,2019,41.211
Trinidad and Tobago,TTO,2019,46.047
Tunisia,TUN,2019,20.623
Tanzania,TZA,2019,78.0
Uganda,UGA,2019,64.797
Ukraine,UKR,2019,45.391
Uruguay,URY,2019,50.33
United States,USA,2019,54.831
Uzbekistan,UZB,2019,37.981
Vanuatu,VUT,2019,59.375
Samoa,WSM,2019,35.336
South Africa,ZAF,2019,37.956
Zambia,ZMB,2019,49.481
Zimbabwe,ZWE,2019,56.485
Afghanistan,AFG,2020,13.7
Angola,AGO,2020,66.929
Albania,ALB,2020,43.289
United Arab Emirates,ARE,2020,57.443
Argentina,ARG,2020,40.744
Armenia,ARM,2020,52.025
Australia,AUS,2020,56.368
Austria,AUT,2020,52.721
Azerbaijan,AZE,2020,59.3
Burundi,BDI,2020,79.116
Belgium,BEL,2020,46.695
Benin,BEN,2020,54.727
Burkina Faso,BFA,2020,54.439
Bangladesh,BGD,2020,33.79
Bulgaria,BGR,2020,46.845
Bahrain,BHR,2020,40.952
Bosnia and Herzegovina,BIH,2020,29.738
Belarus,BLR,2020,55.591
Belize,BLZ,2020,40.24
Bolivia,BOL,2020,53.5
Brazil,BRA,2020,41.283
Barbados,BRB,2020,52.182
Bhutan,BTN,2020,49.427
Botswana,BWA,2020,44.465
Central African Republic,CAF,2020,58.28
Canada,CAN,2020,53.923
Switzerland,CHE,2020,59.38
Chile,CHL,2020,39.517
China,CHN,2020,56.532
Cote d'Ivoire,CIV,2020,53.929
Cameroon,CMR,2020,63.645
Colombia,COL,2020,40.619
Comoros,COM,2020,29.043
Costa Rica,CRI,2020,38.188
Cuba,CUB,2020,38.208
Cyprus,CYP,2020,52.1
Czechia,CZE,2020,50.287
Germany,DEU,2020,53.647
Djibouti,DJI,2020,10.939
Denmark,DNK,2020,54.294
Dominican Republic,DOM,2020,42.969
Algeria,DZA,2020,12.198
Ecuador,ECU,2020,44.754
Eritrea,ERI,2020,64.55
Spain,ESP,2020,42.184
Estonia,EST,2020,53.27
Ethiopia,ETH,2020,70.054
Finland,FIN,2020,51.089
Fiji,FJI,2020,35.511
France,FRA,2020,46.6
Gabon,GAB,2020,26.581
United Kingdom,GBR,2020,56.172
Georgia,GEO,2020,49.479
Ghana,GHA,2020,62.211
Guinea,GIN,2020,39.386
Guinea-Bissau,GNB,2020,46.936
Equatorial Guinea,GNQ,2020,44.763
Greece,GRC,2020,35.138
Guatemala,GTM,2020,34.31
Guyana,GUY,2020,32.215
Honduras,HND,2020,40.893
Croatia,HRV,2020,41.254
Haiti,HTI,2020,50.499
Hungary,HUN,2020,46.005
Indonesia,IDN,2020,51.165
India,IND,2020,20.712
Ireland,IRL,2020,51.982
Iraq,IRQ,2020,7.981
Iceland,ISL,2020,65.285
Israel,ISR,2020,55.792
Italy,ITA,2020,35.774
Jamaica,JAM,2020,53.549
Jordan,JOR,2020,11.154
Japan,JPN,2020,51.872
Kazakhstan,KAZ,2020,60.275
Kenya,KEN,2020,67.19
Cambodia,KHM,2020,68.838
Kuwait,KWT,2020,42.669
Lebanon,LBN,2020,22.353
Liberia,LBR,2020,69.337
Libya,LBY,2020,24.323
Sri Lanka,LKA,2020,31.041
Lesotho,LSO,2020,45.275
Lithuania,LTU,2020,52.915
Luxembourg,LUX,2020,53.045
Latvia,LVA,2020,52.043
Morocco,MAR,2020,19.175
Moldova,MDA,2020,34.975
Madagascar,MDG,2020,80.267
Maldives,MDV,2020,37.872
Mexico,MEX,2020,39.775
North Macedonia,MKD,2020,36.66
Mali,MLI,2020,48.832
Malta,MLT,2020,49.64
Myanmar,MMR,2020,43.77
Montenegro,MNE,2020,37.97
Mongolia,MNG,2020,50.124
Mozambique,MOZ,2020,74.532
Mauritania,MRT,2020,22.844
Mauritius,MUS,2020,40.433
Malawi,MWI,2020,59.042
Malaysia,MYS,2020,49.238
Namibia,NAM,2020,43.821
Niger,NER,2020,61.196
Nigeria,NGA,2020,48.682
Nicaragua,NIC,2020,44.311
Netherlands,NLD,2020,57.519
Norway,NOR,2020,57.748
Nepal,NPL,2020,24.01
New Zealand,NZL,2020,61.941
Oman,OMN,2020,25.86
Pakistan,PAK,2020,21.07
Panama,PAN,2020,41.777
Peru,PER,2020,55.732
Philippines,PHL,2020,41.364
Papua New Guinea,PNG,2020,45.439
Poland,POL,2020,47.089
Portugal,PRT,2020,49.813
Paraguay,PRY,2020,51.413
Qatar,QAT,2020,59.48
Romania,ROU,2020,43.298
Rwanda,RWA,2020,43.376
Saudi Arabia,SAU,2020,23.334
Sudan,SDN,2020,19.955
Senegal,SEN,2020,35.938
Singapore,SGP,2020,59.704
Solomon Islands,SLB,2020,80.785
Sierra Leone,SLE,2020,49.804
El Salvador,SLV,2020,40.315
Serbia,SRB,2020,42.087
South Sudan,SSD,2020,59.345
Sao Tome and Principe,STP,2020,29.256
Suriname,SUR,2020,38.022
Slovenia,SVN,2020,50.17
Sweden,SWE,2020,55.568
Eswatini,SWZ,2020,34.223
Chad,TCD,2020,47.54
Togo,TGO,2020,53.776
Thailand,THA,2020,58.561
Tajikistan,TJK,2020,28.841
Turkmenistan,TKM,2020,45.433
Tonga,TON,2020,40.658
Trinidad and Tobago,TTO,2020,44.472
Tunisia,TUN,2020,19.207
Tanzania,TZA,2020,73.268
Uganda,UGA,2020,63.549
Ukraine,UKR,2020,43.78
Uruguay,URY,2020,47.694
United States,USA,2020,51.051
Uzbekistan,UZB,2020,36.448
Vanuatu,VUT,2020,58.701
Samoa,WSM,2020,34.737
South Africa,ZAF,2020,36.237
Zambia,ZMB,2020,50.866
Zimbabwe,ZWE,2020,55.699
Afghanistan,AFG,2021,19.8
Angola,AGO,2021,66.927
Albania,ALB,2021,45.14
United Arab Emirates,ARE,2021,49.202
Argentina,ARG,2021,45.326
Armenia,ARM,2021,51.585
Australia,AUS,2021,58.146
Austria,AUT,2021,52.495
Azerbaijan,AZE,2021,59.609
Burundi,BDI,2021,79.784
Belgium,BEL,2021,47.112
Benin,BEN,2021,54.741
Burkina Faso,BFA,2021,55.001
Bangladesh,BGD,2021,34.305
Bulgaria,BGR,2021,46.567
Bahrain,BHR,2021,41.353
Bosnia and Herzegovina,BIH,2021,32.438
Belarus,BLR,2021,55.918
Belize,BLZ,2021,41.492
Bolivia,BOL,2021,54.312
Brazil,BRA,2021,43.307
Barbados,BRB,2021,52.757
Bhutan,BTN,2021,50.343
Botswana,BWA,2021,45.507
Central African Republic,CAF,2021,58.611
Canada,CAN,2021,56.251
Switzerland,CHE,2021,58.92
Chile,CHL,2021,41.768
China,CHN,2021,58.882
Cote d'Ivoire,CIV,2021,54.698
Cameroon,CMR,2021,63.74
Colombia,COL,2021,42.301
Comoros,COM,2021,29.166
Costa Rica,CRI,2021,40.028
Cuba,CUB,2021,39.248
Cyprus,CYP,2021,53.063
Czechia,CZE,2021,50.108
Germany,DEU,2021,53.707
Djibouti,DJI,2021,11.131
Denmark,DNK,2021,55.089
Dominican Republic,DOM,2021,44.554
Algeria,DZA,2021,12.652
Ecuador,ECU,2021,50.65
Eritrea,ERI,2021,64.876
Spain,ESP,2021,43.793
Estonia,EST,2021,54.612
Ethiopia,ETH,2021,70.904
Finland,FIN,2021,51.653
Fiji,FJI,2021,35.424
France,FRA,2021,48.156
Gabon,GAB,2021,26.873
United Kingdom,GBR,2021,55.667
Georgia,GEO,2021,49.609
Ghana,GHA,2021,62.405
Guinea,GIN,2021,39.117
Guinea-Bissau,GNB,2021,47.099
Equatorial Guinea,GNQ,2021,45.287
Greece,GRC,2021,35.6
Guatemala,GTM,2021,34.874
Guyana,GUY,2021,32.958
Honduras,HND,2021,42.908
Croatia,HRV,2021,42.076
Haiti,HTI,2021,50.679
Hungary,HUN,2021,50.189
Indonesia,IDN,2021,50.394
India,IND,2021,21.403
Ireland,IRL,2021,54.298
Iraq,IRQ,2021,7.839
Iceland,ISL,2021,64.666
Israel,ISR,2021,56.804
Italy,ITA,2021,35.837
Jamaica,JAM,2021,55.979
Jordan,JOR,2021,10.78
Japan,JPN,2021,52.185
Kazakhstan,KAZ,2021,60.818
Kenya,KEN,2021,67.849
Cambodia,KHM,2021,69.431
Kuwait,KWT,2021,43.236
Lebanon,LBN,2021,23.38
Liberia,LBR,2021,69.859
Libya,LBY,2021,24.776
Sri Lanka,LKA,2021,31.298
Lesotho,LSO,2021,45.335
Lithuania,LTU,2021,53.563
Luxembourg,LUX,2021,54.877
Latvia,LVA,2021,50.744
Morocco,MAR,2021,18.165
Moldova,MDA,2021,35.458
Madagascar,MDG,2021,80.865
Maldives,MDV,2021,39.366
Mexico,MEX,2021,42.514
North Macedonia,MKD,2021,36.609
Mali,MLI,2021,51.516
Malta,MLT,2021,51.035
Myanmar,MMR,2021,40.99
Montenegro,MNE,2021,39.929
Mongolia,MNG,2021,47.401
Mozambique,MOZ,2021,74.52
Mauritania,MRT,2021,22.807
Mauritius,MUS,2021,40.584
Malawi,MWI,2021,58.976
Malaysia,MYS,2021,49.889
Namibia,NAM,2021,44.093
Niger,NER,2021,61.418
Nigeria,NGA,2021,48.624
Nicaragua,NIC,2021,45.594
Netherlands,NLD,2021,57.842
Norway,NOR,2021,58.947
Nepal,NPL,2021,24.346
New Zealand,NZL,2021,63.563
Oman,OMN,2021,27.1
Pakistan,PAK,2021,22.324
Panama,PAN,2021,47.621
Peru,PER,2021,61.287
Philippines,PHL,2021,42.965
Papua New Guinea,PNG,2021,45.567
Poland,POL,2021,48.581
Portugal,PRT,2021,50.112
Paraguay,PRY,2021,54.132
Qatar,QAT,2021,59.6
Romania,ROU,2021,39.04
Rwanda,RWA,2021,42.181
Saudi Arabia,SAU,2021,21.779
Sudan,SDN,2021,20.174
Senegal,SEN,2021,36.535
Singapore,SGP,2021,61.738
Solomon Islands,SLB,2021,81.441
Sierra Leone,SLE,2021,49.597
El Salvador,SLV,2021,42.13
Serbia,SRB,2021,42.747
South Sudan,SSD,2021,59.933
Sao Tome and Principe,STP,2021,29.381
Suriname,SUR,2021,39.015
Slovenia,SVN,2021,51.198
Sweden,SWE,2021,55.376
Eswatini,SWZ,2021,34.465
Chad,TCD,2021,47.601
Togo,TGO,2021,54.169
Thailand,THA,2021,58.573
Tajikistan,TJK,2021,29.319
Turkmenistan,TKM,2021,45.849
Tonga,TON,2021,40.811
Trinidad and Tobago,TTO,2021,43.914
Tunisia,TUN,2021,19.615
Tanzania,TZA,2021,75.078
Uganda,UGA,2021,64.036
Ukraine,UKR,2021,42.943
Uruguay,URY,2021,50.006
United States,USA,2021,52.692
Uzbekistan,UZB,2021,36.958
Vanuatu,VUT,2021,59.035
Samoa,WSM,2021,34.883
South Africa,ZAF,2021,34.612
Zambia,ZMB,2021,50.605
Zimbabwe,ZWE,2021,55.975
